-- --------------------------------------------------------
-- Host:                         127.0.0.1
-- Server version:               8.4.3 - MySQL Community Server - GPL
-- Server OS:                    Win64
-- HeidiSQL Version:             12.8.0.6908
-- --------------------------------------------------------

/*!40101 SET @OLD_CHARACTER_SET_CLIENT=@@CHARACTER_SET_CLIENT */;
/*!40101 SET NAMES utf8 */;
/*!50503 SET NAMES utf8mb4 */;
/*!40103 SET @OLD_TIME_ZONE=@@TIME_ZONE */;
/*!40103 SET TIME_ZONE='+00:00' */;
/*!40014 SET @OLD_FOREIGN_KEY_CHECKS=@@FOREIGN_KEY_CHECKS, FOREIGN_KEY_CHECKS=0 */;
/*!40101 SET @OLD_SQL_MODE=@@SQL_MODE, SQL_MODE='NO_AUTO_VALUE_ON_ZERO' */;
/*!40111 SET @OLD_SQL_NOTES=@@SQL_NOTES, SQL_NOTES=0 */;


-- Dumping database structure for atlas1
CREATE DATABASE IF NOT EXISTS `atlas1` /*!40100 DEFAULT CHARACTER SET utf8mb4 COLLATE utf8mb4_unicode_ci */ /*!80016 DEFAULT ENCRYPTION='N' */;
USE `atlas1`;

-- Dumping structure for table atlas1.descriptions
CREATE TABLE IF NOT EXISTS `descriptions` (
  `id` bigint unsigned NOT NULL AUTO_INCREMENT,
  `desc` text CHARACTER SET utf8mb4 COLLATE utf8mb4_unicode_ci NOT NULL,
  `resident_id` bigint unsigned NOT NULL,
  `type` enum('bedhey','sarrsed','khoroj','other') CHARACTER SET utf8mb4 COLLATE utf8mb4_unicode_ci NOT NULL DEFAULT 'other',
  `created_at` timestamp NULL DEFAULT NULL,
  `updated_at` timestamp NULL DEFAULT NULL,
  PRIMARY KEY (`id`),
  KEY `descriptions_resident_id_foreign` (`resident_id`),
  CONSTRAINT `descriptions_resident_id_foreign` FOREIGN KEY (`resident_id`) REFERENCES `residents` (`id`) ON DELETE CASCADE
) ENGINE=InnoDB AUTO_INCREMENT=78 DEFAULT CHARSET=utf8mb4 COLLATE=utf8mb4_unicode_ci;

-- Dumping data for table atlas1.descriptions: ~0 rows (approximately)
REPLACE INTO `descriptions` (`id`, `desc`, `resident_id`, `type`, `created_at`, `updated_at`) VALUES
	(6, 'طلب 300', 33, 'sarrsed', '2025-05-08 01:48:02', '2025-05-08 01:48:02'),
	(8, '550 تومن بیشتر واریز کرده', 86, 'sarrsed', '2025-05-08 02:47:38', '2025-05-08 02:47:38'),
	(12, 'مهمان', 134, 'sarrsed', '2025-05-08 05:34:32', '2025-05-08 05:34:32'),
	(15, '550ودیعه - ۵۰ تومن ماندهاز اجاره', 166, 'bedhey', '2025-05-08 06:22:23', '2025-05-08 06:22:23'),
	(17, '145 تومن طلب بابت جابجایی', 5, 'sarrsed', '2025-05-09 01:47:58', '2025-05-09 01:47:58'),
	(19, '91 تومن طلب بابت جابجایی', 114, 'sarrsed', '2025-05-10 08:14:29', '2025-05-10 08:14:29'),
	(25, 'ودیعه بابت شبانه لحاظ شد', 111, 'sarrsed', '2025-05-13 06:25:47', '2025-05-13 06:25:47'),
	(32, '30هزار مانده', 66, 'sarrsed', '2025-05-20 07:49:50', '2025-05-20 07:49:50'),
	(33, '50هزار مانده', 17, 'sarrsed', '2025-05-20 07:50:17', '2025-05-20 07:50:17'),
	(34, '95 هزار طلب', 5, 'sarrsed', '2025-05-20 16:26:09', '2025-05-20 16:26:09'),
	(35, '50هزار مانده', 182, 'sarrsed', '2025-05-23 11:48:29', '2025-05-23 11:48:29'),
	(36, 'برای دونفری که تو الویت نوشته شده', 111, 'sarrsed', '2025-05-26 11:14:14', '2025-05-26 11:14:14'),
	(37, 'رضایی-09112948126', 120, 'sarrsed', '2025-05-26 11:59:38', '2025-05-26 11:59:38'),
	(47, '50 کم واریز کرده', 138, 'bedhey', '2025-06-11 12:51:50', '2025-06-11 12:51:50'),
	(50, 'جیوحنیان', 106, 'sarrsed', '2025-06-12 05:16:52', '2025-06-12 05:16:52'),
	(52, '1ام', 76, 'sarrsed', '2025-06-14 06:54:36', '2025-06-14 06:54:36'),
	(53, '50 کم واریز کر ده', 221, 'bedhey', '2025-06-14 07:39:55', '2025-06-14 07:39:55'),
	(56, 'سهند اقایی', 79, 'sarrsed', '2025-06-23 04:34:29', '2025-06-23 04:34:29'),
	(57, '100 تومن بدهکار', 97, 'bedhey', '2025-06-23 09:26:15', '2025-06-23 09:26:15'),
	(58, '5ام', 208, 'sarrsed', '2025-06-24 03:40:52', '2025-06-24 03:40:52'),
	(66, '2500 فقط پرداخت کرده', 247, 'bedhey', '2025-06-30 04:38:13', '2025-06-30 04:38:13'),
	(69, 'حسن پور - 09015880941', 4, 'sarrsed', '2025-07-01 14:49:12', '2025-07-01 14:49:12'),
	(70, 'محمد گنجی - 09197428986', 9, 'sarrsed', '2025-07-01 14:49:55', '2025-07-01 14:49:55'),
	(71, '۱ میلیون مانده', 104, 'bedhey', '2025-07-03 04:40:54', '2025-07-03 04:40:54'),
	(74, '50 کم واریز کرده', 145, 'bedhey', '2025-07-04 12:56:15', '2025-07-04 12:56:15'),
	(75, 'مهدی عیوضی - 09365778178', 90, 'sarrsed', '2025-07-05 12:02:18', '2025-07-05 12:02:18'),
	(76, 'سهند اقایی', 184, 'sarrsed', '2025-07-05 12:04:35', '2025-07-05 12:04:35'),
	(77, '20ام', 187, 'sarrsed', '2025-07-06 07:10:31', '2025-07-06 07:10:31');

-- Dumping structure for table atlas1.failed_jobs
CREATE TABLE IF NOT EXISTS `failed_jobs` (
  `id` bigint unsigned NOT NULL AUTO_INCREMENT,
  `uuid` varchar(191) CHARACTER SET utf8mb4 COLLATE utf8mb4_unicode_ci NOT NULL,
  `connection` text CHARACTER SET utf8mb4 COLLATE utf8mb4_unicode_ci NOT NULL,
  `queue` text CHARACTER SET utf8mb4 COLLATE utf8mb4_unicode_ci NOT NULL,
  `payload` longtext CHARACTER SET utf8mb4 COLLATE utf8mb4_unicode_ci NOT NULL,
  `exception` longtext CHARACTER SET utf8mb4 COLLATE utf8mb4_unicode_ci NOT NULL,
  `failed_at` timestamp NOT NULL DEFAULT CURRENT_TIMESTAMP,
  PRIMARY KEY (`id`),
  UNIQUE KEY `failed_jobs_uuid_unique` (`uuid`)
) ENGINE=InnoDB DEFAULT CHARSET=utf8mb4 COLLATE=utf8mb4_unicode_ci;

-- Dumping data for table atlas1.failed_jobs: ~0 rows (approximately)

-- Dumping structure for table atlas1.info_residents
CREATE TABLE IF NOT EXISTS `info_residents` (
  `id` bigint unsigned NOT NULL AUTO_INCREMENT,
  `vadeh` tinyint(1) NOT NULL DEFAULT '0',
  `ejareh` tinyint(1) NOT NULL DEFAULT '0',
  `madrak` tinyint(1) NOT NULL DEFAULT '0',
  `bedehy` tinyint(1) NOT NULL DEFAULT '0',
  `form` tinyint(1) NOT NULL DEFAULT '0',
  `hamahang` date DEFAULT NULL,
  `state` enum('active','reserve','leaving','exit','nightly') CHARACTER SET utf8mb4 COLLATE utf8mb4_unicode_ci NOT NULL DEFAULT 'active',
  `job` enum('karmand_dolat','karmand_shkhse','daneshjo_azad','danshjo_dolati','danshjo_sair','sair') CHARACTER SET utf8mb4 COLLATE utf8mb4_unicode_ci DEFAULT 'sair',
  `age` bigint DEFAULT NULL,
  `takhir` bigint DEFAULT NULL,
  `resident_id` bigint unsigned NOT NULL,
  `created_at` timestamp NULL DEFAULT NULL,
  `updated_at` timestamp NULL DEFAULT NULL,
  `deleted_at` timestamp NULL DEFAULT NULL,
  PRIMARY KEY (`id`),
  KEY `info_residents_resident_id_foreign` (`resident_id`),
  CONSTRAINT `info_residents_resident_id_foreign` FOREIGN KEY (`resident_id`) REFERENCES `residents` (`id`) ON DELETE CASCADE
) ENGINE=InnoDB AUTO_INCREMENT=265 DEFAULT CHARSET=utf8mb4 COLLATE=utf8mb4_unicode_ci;

-- Dumping data for table atlas1.info_residents: ~0 rows (approximately)
REPLACE INTO `info_residents` (`id`, `vadeh`, `ejareh`, `madrak`, `bedehy`, `form`, `hamahang`, `state`, `job`, `age`, `takhir`, `resident_id`, `created_at`, `updated_at`, `deleted_at`) VALUES
	(1, 1, 1, 1, 0, 1, NULL, 'active', NULL, NULL, NULL, 1, '2025-05-08 01:06:33', '2025-05-08 01:06:33', NULL),
	(2, 1, 1, 1, 0, 1, NULL, 'active', NULL, NULL, NULL, 2, '2025-05-08 01:07:07', '2025-06-25 11:59:35', NULL),
	(3, 1, 1, 1, 0, 1, NULL, 'exit', NULL, NULL, NULL, 3, '2025-05-08 01:07:44', '2025-06-28 10:12:33', '2025-06-28 10:12:33'),
	(4, 1, 1, 1, 0, 1, NULL, 'exit', NULL, NULL, NULL, 4, '2025-05-08 01:08:13', '2025-07-04 13:05:26', '2025-07-04 13:05:26'),
	(5, 1, 1, 1, 0, 1, NULL, 'exit', NULL, NULL, NULL, 5, '2025-05-08 01:09:33', '2025-06-22 02:01:22', '2025-06-22 02:01:22'),
	(6, 1, 1, 1, 0, 1, NULL, 'active', NULL, NULL, NULL, 6, '2025-05-08 01:10:09', '2025-05-08 01:10:09', NULL),
	(7, 1, 1, 1, 0, 1, NULL, 'active', NULL, NULL, NULL, 7, '2025-05-08 01:10:53', '2025-05-08 01:10:53', NULL),
	(8, 1, 1, 1, 0, 1, NULL, 'active', NULL, NULL, NULL, 8, '2025-05-08 01:11:39', '2025-05-08 01:11:39', NULL),
	(9, 1, 1, 1, 0, 1, NULL, 'exit', NULL, 25, NULL, 9, '2025-05-08 01:12:29', '2025-07-04 13:04:44', '2025-07-04 13:04:44'),
	(10, 1, 1, 1, 0, 1, NULL, 'active', 'karmand_shkhse', NULL, NULL, 10, '2025-05-08 01:13:21', '2025-06-13 11:52:31', NULL),
	(11, 1, 1, 1, 0, 1, NULL, 'active', 'daneshjo_azad', 29, NULL, 11, '2025-05-08 01:14:18', '2025-05-08 01:14:18', NULL),
	(12, 1, 1, 1, 0, 1, NULL, 'active', 'karmand_shkhse', 26, NULL, 12, '2025-05-08 01:15:01', '2025-05-08 01:15:01', NULL),
	(13, 1, 1, 1, 0, 1, NULL, 'active', NULL, NULL, NULL, 13, '2025-05-08 01:16:47', '2025-06-13 11:52:22', NULL),
	(14, 1, 1, 1, 0, 1, NULL, 'active', NULL, NULL, NULL, 14, '2025-05-08 01:20:22', '2025-05-08 01:20:22', NULL),
	(15, 1, 1, 1, 0, 1, NULL, 'active', NULL, NULL, NULL, 15, '2025-05-08 01:21:01', '2025-06-13 11:52:24', NULL),
	(16, 1, 1, 1, 0, 1, NULL, 'active', NULL, NULL, NULL, 16, '2025-05-08 01:21:44', '2025-05-08 01:21:44', NULL),
	(17, 1, 1, 1, 0, 1, NULL, 'active', NULL, NULL, NULL, 17, '2025-05-08 01:22:19', '2025-06-13 11:52:24', NULL),
	(18, 1, 1, 1, 0, 1, NULL, 'active', NULL, NULL, NULL, 18, '2025-05-08 01:22:57', '2025-06-13 11:53:33', NULL),
	(19, 1, 1, 1, 0, 1, NULL, 'active', NULL, NULL, NULL, 19, '2025-05-08 01:25:13', '2025-05-08 01:25:13', NULL),
	(20, 1, 1, 1, 0, 1, NULL, 'active', 'karmand_shkhse', 25, NULL, 20, '2025-05-08 01:26:09', '2025-05-08 01:26:09', NULL),
	(21, 1, 1, 1, 0, 1, NULL, 'active', NULL, NULL, NULL, 21, '2025-05-08 01:26:41', '2025-06-13 11:52:28', NULL),
	(22, 1, 1, 1, 0, 1, NULL, 'active', 'karmand_shkhse', 25, NULL, 22, '2025-05-08 01:27:22', '2025-05-08 01:27:22', NULL),
	(23, 1, 1, 1, 0, 1, NULL, 'active', NULL, NULL, NULL, 23, '2025-05-08 01:30:01', '2025-05-08 01:30:01', NULL),
	(24, 1, 1, 1, 0, 1, NULL, 'active', NULL, NULL, NULL, 24, '2025-05-08 01:30:41', '2025-05-08 01:30:41', NULL),
	(25, 1, 1, 1, 0, 1, NULL, 'active', NULL, NULL, NULL, 25, '2025-05-08 01:31:15', '2025-05-08 01:31:15', NULL),
	(26, 1, 1, 1, 0, 1, NULL, 'active', NULL, NULL, NULL, 26, '2025-05-08 01:32:08', '2025-05-08 01:32:08', NULL),
	(27, 1, 1, 1, 0, 1, NULL, 'active', NULL, NULL, NULL, 27, '2025-05-08 01:32:53', '2025-06-28 02:59:31', NULL),
	(28, 1, 1, 1, 0, 1, NULL, 'active', NULL, NULL, NULL, 28, '2025-05-08 01:33:57', '2025-05-08 01:33:57', NULL),
	(29, 1, 1, 1, 0, 1, NULL, 'active', NULL, NULL, NULL, 29, '2025-05-08 01:34:32', '2025-05-27 05:57:45', NULL),
	(30, 1, 1, 1, 0, 1, NULL, 'exit', NULL, NULL, NULL, 30, '2025-05-08 01:35:19', '2025-07-08 13:52:30', '2025-07-08 13:52:30'),
	(31, 1, 1, 1, 0, 1, NULL, 'active', NULL, NULL, NULL, 31, '2025-05-08 01:46:37', '2025-05-08 01:46:37', NULL),
	(32, 1, 1, 1, 0, 1, NULL, 'active', NULL, NULL, NULL, 32, '2025-05-08 01:47:14', '2025-06-13 11:52:28', NULL),
	(33, 1, 1, 1, 0, 0, NULL, 'active', NULL, NULL, NULL, 33, '2025-05-08 01:48:02', '2025-06-13 11:50:16', NULL),
	(34, 1, 1, 1, 0, 1, NULL, 'active', 'daneshjo_azad', 22, NULL, 34, '2025-05-08 01:48:49', '2025-05-08 01:48:49', NULL),
	(35, 1, 1, 1, 0, 1, NULL, 'active', NULL, NULL, NULL, 35, '2025-05-08 01:49:31', '2025-05-08 01:49:31', NULL),
	(36, 1, 1, 1, 0, 1, NULL, 'active', NULL, NULL, NULL, 36, '2025-05-08 01:50:16', '2025-05-08 01:50:16', NULL),
	(37, 1, 1, 1, 0, 1, NULL, 'active', NULL, NULL, NULL, 37, '2025-05-08 01:50:49', '2025-06-13 11:52:31', NULL),
	(38, 1, 1, 1, 0, 1, NULL, 'exit', NULL, NULL, NULL, 38, '2025-05-08 01:51:48', '2025-05-24 07:26:53', '2025-05-24 07:26:53'),
	(39, 1, 1, 1, 0, 1, NULL, 'active', NULL, NULL, NULL, 39, '2025-05-08 01:52:22', '2025-06-13 11:52:33', NULL),
	(40, 1, 1, 1, 0, 1, NULL, 'exit', NULL, NULL, NULL, 40, '2025-05-08 01:52:54', '2025-06-26 04:09:51', '2025-06-26 04:09:51'),
	(41, 1, 1, 1, 0, 1, NULL, 'active', 'karmand_shkhse', 28, NULL, 41, '2025-05-08 01:53:39', '2025-05-08 01:53:39', NULL),
	(42, 1, 1, 1, 0, 1, NULL, 'active', NULL, NULL, NULL, 42, '2025-05-08 01:54:34', '2025-05-08 01:54:34', NULL),
	(43, 1, 1, 1, 0, 1, NULL, 'leaving', NULL, NULL, NULL, 43, '2025-05-08 01:55:08', '2025-07-05 13:28:15', NULL),
	(44, 1, 1, 1, 0, 1, NULL, 'active', NULL, NULL, NULL, 44, '2025-05-08 01:55:38', '2025-05-08 01:55:38', NULL),
	(45, 1, 1, 1, 0, 1, NULL, 'active', NULL, NULL, NULL, 45, '2025-05-08 02:00:36', '2025-05-08 02:00:36', NULL),
	(46, 1, 1, 1, 0, 1, NULL, 'exit', NULL, NULL, NULL, 46, '2025-05-08 02:01:38', '2025-06-18 02:55:42', '2025-06-18 02:55:42'),
	(47, 1, 1, 1, 0, 1, NULL, 'active', NULL, NULL, NULL, 47, '2025-05-08 02:02:17', '2025-06-13 11:52:52', NULL),
	(48, 1, 1, 1, 0, 1, NULL, 'active', NULL, NULL, NULL, 48, '2025-05-08 02:03:07', '2025-05-08 02:03:07', NULL),
	(49, 1, 1, 1, 0, 1, NULL, 'exit', NULL, NULL, NULL, 49, '2025-05-08 02:04:06', '2025-06-22 06:54:36', '2025-06-22 06:54:36'),
	(50, 1, 1, 1, 0, 1, NULL, 'active', NULL, NULL, NULL, 50, '2025-05-08 02:04:46', '2025-06-13 11:52:54', NULL),
	(51, 1, 1, 1, 0, 1, NULL, 'active', NULL, NULL, NULL, 51, '2025-05-08 02:05:32', '2025-05-26 07:07:45', NULL),
	(52, 1, 1, 1, 0, 1, NULL, 'exit', NULL, NULL, NULL, 52, '2025-05-08 02:06:13', '2025-06-16 09:07:53', '2025-06-16 09:07:53'),
	(53, 0, 1, 1, 0, 1, NULL, 'active', NULL, NULL, NULL, 53, '2025-05-08 02:07:03', '2025-05-08 02:07:03', NULL),
	(54, 1, 1, 1, 0, 1, NULL, 'exit', NULL, NULL, NULL, 54, '2025-05-08 02:07:35', '2025-06-17 05:12:38', '2025-06-17 05:12:38'),
	(55, 1, 1, 1, 0, 1, NULL, 'active', NULL, NULL, NULL, 55, '2025-05-08 02:08:18', '2025-05-08 02:08:18', NULL),
	(56, 1, 1, 1, 0, 1, NULL, 'active', NULL, NULL, NULL, 56, '2025-05-08 02:08:53', '2025-05-08 02:08:53', NULL),
	(57, 1, 1, 1, 0, 1, NULL, 'active', 'sair', 50, NULL, 57, '2025-05-08 02:09:32', '2025-05-08 02:09:32', NULL),
	(58, 1, 1, 1, 0, 1, NULL, 'active', NULL, NULL, NULL, 58, '2025-05-08 02:10:06', '2025-05-08 02:10:06', NULL),
	(59, 1, 1, 1, 0, 1, NULL, 'active', NULL, NULL, NULL, 59, '2025-05-08 02:10:45', '2025-05-08 02:10:45', NULL),
	(60, 1, 1, 1, 0, 1, NULL, 'active', NULL, NULL, NULL, 60, '2025-05-08 02:11:41', '2025-05-08 02:11:41', NULL),
	(61, 1, 1, 1, 0, 1, NULL, 'active', NULL, NULL, NULL, 61, '2025-05-08 02:14:13', '2025-05-08 02:14:13', NULL),
	(62, 1, 1, 1, 0, 1, NULL, 'active', NULL, NULL, NULL, 62, '2025-05-08 02:14:52', '2025-05-08 02:14:52', NULL),
	(63, 1, 1, 1, 0, 1, NULL, 'active', NULL, NULL, NULL, 63, '2025-05-08 02:15:32', '2025-05-08 02:15:32', NULL),
	(64, 1, 1, 1, 0, 1, NULL, 'active', NULL, NULL, NULL, 64, '2025-05-08 02:20:42', '2025-06-13 11:52:54', NULL),
	(65, 1, 1, 1, 0, 1, NULL, 'active', NULL, NULL, NULL, 65, '2025-05-08 02:21:43', '2025-05-08 02:21:43', NULL),
	(66, 1, 1, 1, 0, 1, NULL, 'exit', NULL, NULL, NULL, 66, '2025-05-08 02:22:18', '2025-06-18 02:56:54', '2025-06-18 02:56:54'),
	(67, 1, 1, 1, 0, 1, NULL, 'active', NULL, NULL, NULL, 67, '2025-05-08 02:22:48', '2025-05-08 02:22:48', NULL),
	(68, 1, 1, 1, 0, 1, NULL, 'active', NULL, NULL, NULL, 68, '2025-05-08 02:23:17', '2025-05-08 02:23:17', NULL),
	(69, 1, 1, 1, 0, 1, NULL, 'active', NULL, NULL, NULL, 69, '2025-05-08 02:25:23', '2025-06-13 11:53:35', NULL),
	(70, 1, 1, 1, 0, 1, NULL, 'active', NULL, NULL, NULL, 70, '2025-05-08 02:26:13', '2025-05-08 02:26:13', NULL),
	(71, 1, 1, 1, 0, 1, NULL, 'active', NULL, NULL, NULL, 71, '2025-05-08 02:26:47', '2025-05-08 02:26:47', NULL),
	(72, 1, 1, 1, 0, 1, NULL, 'exit', NULL, NULL, NULL, 72, '2025-05-08 02:27:46', '2025-06-22 06:27:14', '2025-06-22 06:27:14'),
	(73, 1, 1, 1, 0, 1, NULL, 'exit', NULL, NULL, NULL, 73, '2025-05-08 02:28:21', '2025-07-07 05:23:25', '2025-07-07 05:23:25'),
	(74, 1, 0, 1, 0, 1, NULL, 'active', NULL, NULL, NULL, 74, '2025-05-08 02:28:53', '2025-06-13 11:53:36', NULL),
	(75, 1, 1, 1, 0, 1, NULL, 'active', NULL, NULL, NULL, 75, '2025-05-08 02:29:42', '2025-05-08 02:29:42', NULL),
	(76, 1, 1, 1, 0, 1, NULL, 'active', NULL, NULL, NULL, 76, '2025-05-08 02:30:25', '2025-05-08 02:30:25', NULL),
	(77, 0, 1, 1, 0, 1, NULL, 'active', NULL, NULL, NULL, 77, '2025-05-08 02:30:57', '2025-05-08 02:30:57', NULL),
	(78, 1, 1, 1, 0, 1, NULL, 'active', NULL, NULL, NULL, 78, '2025-05-08 02:31:34', '2025-05-08 02:31:49', NULL),
	(79, 1, 1, 1, 0, 1, NULL, 'exit', NULL, NULL, NULL, 79, '2025-05-08 02:42:09', '2025-07-03 04:49:57', '2025-07-03 04:49:57'),
	(80, 1, 1, 1, 0, 1, NULL, 'active', NULL, NULL, NULL, 80, '2025-05-08 02:43:29', '2025-05-08 02:43:29', NULL),
	(81, 1, 1, 0, 0, 1, NULL, 'exit', NULL, NULL, NULL, 81, '2025-05-08 02:44:29', '2025-05-22 10:21:49', '2025-05-22 10:21:49'),
	(82, 1, 1, 1, 0, 1, NULL, 'exit', NULL, NULL, NULL, 82, '2025-05-08 02:44:58', '2025-06-22 03:15:10', '2025-06-22 03:15:10'),
	(83, 1, 1, 1, 0, 1, NULL, 'active', NULL, NULL, NULL, 83, '2025-05-08 02:45:37', '2025-05-08 02:45:37', NULL),
	(84, 1, 1, 1, 0, 1, NULL, 'exit', NULL, NULL, NULL, 84, '2025-05-08 02:46:14', '2025-07-08 13:52:06', '2025-07-08 13:52:06'),
	(85, 1, 1, 1, 0, 1, NULL, 'active', NULL, NULL, NULL, 85, '2025-05-08 02:46:48', '2025-05-08 02:46:48', NULL),
	(86, 1, 1, 1, 0, 1, NULL, 'exit', NULL, NULL, NULL, 86, '2025-05-08 02:47:38', '2025-06-23 09:34:33', '2025-06-23 09:34:33'),
	(87, 1, 1, 1, 0, 1, NULL, 'active', NULL, NULL, NULL, 87, '2025-05-08 02:48:13', '2025-05-08 02:48:13', NULL),
	(88, 1, 1, 1, 0, 1, NULL, 'leaving', NULL, NULL, NULL, 88, '2025-05-08 02:48:43', '2025-07-04 07:49:44', NULL),
	(89, 1, 1, 1, 0, 1, NULL, 'active', NULL, NULL, NULL, 89, '2025-05-08 02:52:55', '2025-05-08 02:52:55', NULL),
	(90, 1, 1, 1, 0, 1, NULL, 'exit', NULL, NULL, NULL, 90, '2025-05-08 02:53:41', '2025-07-08 13:52:19', '2025-07-08 13:52:19'),
	(91, 1, 1, 1, 0, 1, NULL, 'active', NULL, NULL, NULL, 91, '2025-05-08 03:09:17', '2025-06-13 11:53:41', NULL),
	(92, 1, 1, 1, 0, 1, NULL, 'exit', NULL, NULL, NULL, 92, '2025-05-08 03:10:02', '2025-06-18 02:56:04', '2025-06-18 02:56:04'),
	(93, 1, 1, 1, 0, 1, NULL, 'exit', NULL, NULL, NULL, 93, '2025-05-08 03:10:39', '2025-07-07 14:04:30', '2025-07-07 14:04:30'),
	(94, 1, 1, 1, 0, 1, NULL, 'active', NULL, NULL, NULL, 94, '2025-05-08 03:15:18', '2025-05-08 03:15:18', NULL),
	(95, 1, 1, 1, 0, 1, NULL, 'active', NULL, NULL, NULL, 95, '2025-05-08 03:16:14', '2025-05-08 03:16:14', NULL),
	(96, 1, 1, 1, 0, 1, NULL, 'exit', NULL, NULL, NULL, 96, '2025-05-08 03:16:46', '2025-06-10 12:58:14', '2025-06-10 12:58:14'),
	(97, 1, 1, 1, 0, 1, NULL, 'exit', NULL, NULL, NULL, 97, '2025-05-08 03:17:23', '2025-06-29 10:56:25', '2025-06-29 10:56:25'),
	(98, 1, 1, 1, 0, 1, NULL, 'active', NULL, NULL, NULL, 98, '2025-05-08 03:18:04', '2025-05-08 03:18:04', NULL),
	(99, 1, 1, 1, 0, 1, NULL, 'active', NULL, NULL, NULL, 99, '2025-05-08 03:18:50', '2025-05-08 03:18:50', NULL),
	(100, 1, 1, 1, 0, 1, NULL, 'active', NULL, NULL, NULL, 100, '2025-05-08 03:19:23', '2025-06-13 11:53:00', NULL),
	(101, 1, 1, 1, 0, 1, NULL, 'active', NULL, NULL, NULL, 101, '2025-05-08 03:19:56', '2025-05-08 03:19:56', NULL),
	(102, 1, 1, 1, 0, 1, NULL, 'active', NULL, NULL, NULL, 102, '2025-05-08 03:20:45', '2025-05-08 03:20:45', NULL),
	(103, 1, 1, 1, 0, 1, NULL, 'active', NULL, NULL, NULL, 103, '2025-05-08 05:06:29', '2025-05-08 05:06:29', NULL),
	(104, 1, 1, 1, 0, 1, NULL, 'active', NULL, NULL, NULL, 104, '2025-05-08 05:07:06', '2025-05-30 16:40:41', NULL),
	(105, 1, 1, 1, 0, 1, NULL, 'exit', NULL, NULL, NULL, 105, '2025-05-08 05:07:46', '2025-06-10 16:40:58', '2025-06-10 16:40:58'),
	(106, 1, 1, 1, 0, 1, NULL, 'exit', NULL, NULL, NULL, 106, '2025-05-08 05:08:28', '2025-06-16 04:25:21', '2025-06-16 04:25:21'),
	(107, 1, 1, 1, 0, 1, NULL, 'exit', NULL, NULL, NULL, 107, '2025-05-08 05:09:18', '2025-07-08 13:55:13', '2025-07-08 13:55:13'),
	(108, 1, 1, 1, 0, 1, NULL, 'exit', NULL, NULL, NULL, 108, '2025-05-08 05:10:12', '2025-06-05 07:51:59', '2025-06-05 07:51:59'),
	(110, 1, 1, 1, 0, 1, NULL, 'exit', NULL, NULL, NULL, 110, '2025-05-08 05:11:39', '2025-06-05 07:52:14', '2025-06-05 07:52:14'),
	(111, 1, 1, 1, 0, 1, NULL, 'exit', NULL, NULL, NULL, 111, '2025-05-08 05:12:11', '2025-05-28 13:00:11', '2025-05-28 13:00:11'),
	(112, 1, 1, 1, 0, 1, NULL, 'active', NULL, NULL, NULL, 112, '2025-05-08 05:12:51', '2025-05-08 06:49:40', NULL),
	(113, 1, 1, 1, 0, 1, NULL, 'active', NULL, NULL, NULL, 113, '2025-05-08 05:13:58', '2025-05-08 05:13:58', NULL),
	(114, 1, 1, 1, 0, 1, NULL, 'active', NULL, NULL, NULL, 114, '2025-05-08 05:14:46', '2025-05-08 05:14:46', NULL),
	(115, 1, 1, 1, 0, 1, NULL, 'active', NULL, NULL, NULL, 115, '2025-05-08 05:15:17', '2025-05-08 05:15:17', NULL),
	(116, 1, 1, 1, 0, 0, NULL, 'active', NULL, NULL, NULL, 116, '2025-05-08 05:15:54', '2025-06-13 11:51:35', NULL),
	(117, 1, 1, 1, 0, 1, NULL, 'active', NULL, NULL, NULL, 117, '2025-05-08 05:16:25', '2025-06-13 11:54:55', NULL),
	(118, 1, 1, 1, 0, 1, NULL, 'active', NULL, NULL, NULL, 118, '2025-05-08 05:18:03', '2025-05-08 05:18:03', NULL),
	(120, 1, 1, 1, 0, 1, NULL, 'exit', NULL, NULL, NULL, 120, '2025-05-08 05:21:10', '2025-05-28 12:54:44', '2025-05-28 12:54:44'),
	(121, 1, 1, 1, 0, 1, NULL, 'active', NULL, NULL, NULL, 121, '2025-05-08 05:21:55', '2025-05-08 05:21:55', NULL),
	(122, 1, 1, 1, 0, 1, NULL, 'active', NULL, NULL, NULL, 122, '2025-05-08 05:22:39', '2025-06-13 11:54:03', NULL),
	(123, 1, 1, 1, 0, 1, NULL, 'active', NULL, NULL, NULL, 123, '2025-05-08 05:23:32', '2025-05-08 05:23:32', NULL),
	(124, 1, 1, 1, 0, 1, NULL, 'active', NULL, NULL, NULL, 124, '2025-05-08 05:24:17', '2025-06-13 11:54:03', NULL),
	(125, 1, 1, 1, 0, 1, NULL, 'exit', NULL, NULL, NULL, 125, '2025-05-08 05:25:04', '2025-06-03 08:14:00', '2025-06-03 08:14:00'),
	(126, 1, 1, 1, 0, 1, NULL, 'active', NULL, NULL, NULL, 126, '2025-05-08 05:26:30', '2025-05-08 05:26:30', NULL),
	(127, 1, 1, 1, 0, 1, NULL, 'active', NULL, NULL, NULL, 127, '2025-05-08 05:27:24', '2025-05-08 05:27:24', NULL),
	(128, 1, 1, 1, 0, 1, NULL, 'leaving', NULL, NULL, NULL, 128, '2025-05-08 05:28:06', '2025-07-07 08:04:18', NULL),
	(129, 1, 1, 1, 0, 1, NULL, 'exit', NULL, NULL, NULL, 129, '2025-05-08 05:29:58', '2025-07-08 13:51:43', '2025-07-08 13:51:43'),
	(130, 1, 1, 1, 0, 1, NULL, 'active', NULL, NULL, NULL, 130, '2025-05-08 05:30:44', '2025-05-08 05:30:44', NULL),
	(131, 1, 1, 1, 0, 1, NULL, 'exit', NULL, NULL, NULL, 131, '2025-05-08 05:31:29', '2025-05-18 04:56:35', '2025-05-18 04:56:35'),
	(132, 1, 1, 1, 0, 1, NULL, 'exit', NULL, NULL, NULL, 132, '2025-05-08 05:32:41', '2025-06-03 08:13:45', '2025-06-03 08:13:45'),
	(133, 1, 1, 1, 0, 1, NULL, 'active', NULL, NULL, NULL, 133, '2025-05-08 05:33:33', '2025-06-13 11:54:07', NULL),
	(134, 1, 1, 1, 0, 1, NULL, 'exit', NULL, NULL, NULL, 134, '2025-05-08 05:34:32', '2025-05-11 14:21:14', '2025-05-11 14:21:14'),
	(135, 1, 1, 1, 0, 1, NULL, 'active', NULL, NULL, NULL, 135, '2025-05-08 05:35:17', '2025-06-13 11:54:10', NULL),
	(136, 1, 1, 1, 0, 1, NULL, 'active', NULL, NULL, NULL, 136, '2025-05-08 05:35:53', '2025-05-08 05:35:53', NULL),
	(137, 1, 1, 1, 0, 1, NULL, 'active', NULL, NULL, NULL, 137, '2025-05-08 05:36:46', '2025-05-08 05:36:46', NULL),
	(138, 1, 1, 1, 0, 1, NULL, 'active', NULL, NULL, NULL, 138, '2025-05-08 05:37:27', '2025-05-08 05:37:27', NULL),
	(139, 1, 0, 1, 0, 1, NULL, 'active', NULL, 22, NULL, 139, '2025-05-08 05:38:35', '2025-06-13 11:54:59', NULL),
	(140, 1, 1, 1, 0, 1, NULL, 'active', NULL, NULL, NULL, 140, '2025-05-08 05:39:13', '2025-05-08 05:39:13', NULL),
	(141, 1, 1, 1, 0, 1, NULL, 'exit', NULL, NULL, NULL, 141, '2025-05-08 05:39:53', '2025-06-23 14:40:08', '2025-06-23 14:40:08'),
	(142, 1, 1, 1, 0, 1, NULL, 'active', NULL, NULL, NULL, 142, '2025-05-08 05:40:27', '2025-05-08 05:40:27', NULL),
	(143, 1, 1, 1, 0, 1, NULL, 'active', NULL, NULL, NULL, 143, '2025-05-08 05:41:37', '2025-06-13 11:54:13', NULL),
	(144, 1, 1, 1, 0, 1, NULL, 'active', NULL, NULL, NULL, 144, '2025-05-08 05:42:08', '2025-05-08 05:42:08', NULL),
	(145, 1, 1, 1, 0, 1, NULL, 'active', NULL, NULL, NULL, 145, '2025-05-08 05:43:20', '2025-05-08 05:43:20', NULL),
	(146, 1, 1, 1, 0, 1, NULL, 'active', NULL, NULL, NULL, 146, '2025-05-08 05:44:04', '2025-05-08 05:44:04', NULL),
	(147, 1, 1, 1, 0, 1, NULL, 'active', NULL, NULL, NULL, 147, '2025-05-08 05:45:04', '2025-05-08 05:45:04', NULL),
	(148, 1, 1, 1, 0, 1, NULL, 'active', NULL, NULL, NULL, 148, '2025-05-08 05:47:22', '2025-05-08 05:47:22', NULL),
	(149, 1, 1, 1, 0, 1, NULL, 'active', NULL, NULL, NULL, 149, '2025-05-08 05:50:21', '2025-06-09 14:43:07', NULL),
	(150, 1, 1, 1, 0, 1, NULL, 'active', NULL, NULL, NULL, 150, '2025-05-08 05:51:14', '2025-06-13 11:54:14', NULL),
	(151, 1, 1, 1, 0, 1, NULL, 'active', NULL, NULL, NULL, 151, '2025-05-08 05:52:15', '2025-05-08 05:52:15', NULL),
	(152, 1, 1, 1, 0, 1, NULL, 'active', NULL, NULL, NULL, 152, '2025-05-08 05:53:05', '2025-05-08 05:53:05', NULL),
	(153, 1, 1, 1, 0, 1, NULL, 'active', NULL, NULL, NULL, 153, '2025-05-08 05:53:50', '2025-05-08 05:53:50', NULL),
	(154, 1, 1, 1, 0, 1, NULL, 'active', NULL, NULL, NULL, 154, '2025-05-08 05:54:31', '2025-05-08 05:54:31', NULL),
	(155, 1, 0, 1, 0, 1, NULL, 'active', NULL, NULL, NULL, 155, '2025-05-08 05:59:07', '2025-05-08 05:59:07', NULL),
	(156, 1, 1, 1, 0, 1, NULL, 'active', NULL, NULL, NULL, 156, '2025-05-08 06:00:41', '2025-05-08 06:00:41', NULL),
	(157, 1, 1, 1, 0, 1, NULL, 'active', NULL, NULL, NULL, 157, '2025-05-08 06:14:07', '2025-06-13 11:54:56', NULL),
	(158, 1, 1, 1, 0, 1, NULL, 'active', NULL, NULL, NULL, 158, '2025-05-08 06:16:26', '2025-05-08 06:16:26', NULL),
	(159, 1, 1, 1, 0, 1, NULL, 'exit', NULL, NULL, NULL, 159, '2025-05-08 06:16:58', '2025-06-23 09:57:48', '2025-06-23 09:57:48'),
	(160, 1, 1, 1, 0, 0, NULL, 'active', NULL, NULL, NULL, 160, '2025-05-08 06:17:29', '2025-06-13 11:51:48', NULL),
	(161, 1, 1, 1, 0, 1, NULL, 'exit', NULL, NULL, NULL, 161, '2025-05-08 06:18:22', '2025-06-22 17:32:43', '2025-06-22 17:32:43'),
	(162, 1, 1, 1, 0, 1, NULL, 'exit', NULL, NULL, NULL, 162, '2025-05-08 06:19:30', '2025-06-15 13:25:34', '2025-06-15 13:25:34'),
	(163, 1, 1, 1, 0, 1, NULL, 'exit', NULL, NULL, NULL, 163, '2025-05-08 06:20:13', '2025-05-31 07:50:08', '2025-05-31 07:50:08'),
	(164, 1, 1, 1, 0, 1, NULL, 'active', NULL, NULL, NULL, 164, '2025-05-08 06:21:00', '2025-05-08 06:21:00', NULL),
	(165, 1, 1, 1, 0, 1, NULL, 'active', NULL, NULL, NULL, 165, '2025-05-08 06:21:30', '2025-06-11 12:53:59', NULL),
	(166, 1, 1, 1, 0, 1, NULL, 'exit', NULL, NULL, NULL, 166, '2025-05-08 06:22:23', '2025-06-09 13:23:48', '2025-06-09 13:23:48'),
	(167, 1, 1, 1, 0, 1, NULL, 'active', NULL, NULL, NULL, 167, '2025-05-08 06:23:12', '2025-05-08 06:23:12', NULL),
	(168, 1, 1, 1, 0, 1, NULL, 'active', NULL, NULL, NULL, 168, '2025-05-08 06:23:41', '2025-05-08 06:23:41', NULL),
	(169, 1, 1, 1, 0, 1, NULL, 'active', NULL, NULL, NULL, 169, '2025-05-08 06:24:19', '2025-05-08 06:24:19', NULL),
	(170, 1, 1, 1, 0, 1, NULL, 'active', NULL, NULL, NULL, 170, '2025-05-08 06:24:51', '2025-05-08 06:24:51', NULL),
	(171, 1, 1, 1, 0, 1, NULL, 'active', NULL, NULL, NULL, 171, '2025-05-08 06:25:32', '2025-05-08 06:25:32', NULL),
	(172, 1, 1, 1, 0, 1, NULL, 'active', NULL, NULL, NULL, 172, '2025-05-08 06:26:06', '2025-05-08 06:26:06', NULL),
	(173, 1, 1, 1, 0, 1, NULL, 'active', NULL, NULL, NULL, 173, '2025-05-08 06:26:48', '2025-05-08 06:26:48', NULL),
	(174, 1, 1, 1, 0, 1, NULL, 'active', NULL, NULL, NULL, 174, '2025-05-08 06:32:11', '2025-05-08 06:32:11', NULL),
	(175, 1, 1, 1, 0, 1, NULL, 'exit', NULL, NULL, NULL, 175, '2025-05-08 06:32:57', '2025-05-10 08:22:33', '2025-05-10 08:22:33'),
	(176, 1, 1, 1, 0, 1, NULL, 'active', NULL, NULL, NULL, 176, '2025-05-08 06:33:40', '2025-05-08 06:33:40', NULL),
	(177, 1, 1, 1, 0, 1, NULL, 'active', NULL, NULL, NULL, 177, '2025-05-08 06:34:14', '2025-05-08 06:34:14', NULL),
	(178, 1, 1, 1, 0, 1, NULL, 'active', NULL, NULL, NULL, 178, '2025-05-08 06:34:45', '2025-06-13 11:55:01', NULL),
	(179, 1, 1, 1, 0, 1, NULL, 'exit', NULL, NULL, NULL, 179, '2025-05-08 06:35:43', '2025-06-18 02:57:18', '2025-06-18 02:57:18'),
	(180, 1, 1, 1, 0, 1, NULL, 'exit', NULL, NULL, NULL, 180, '2025-05-08 06:36:54', '2025-06-22 06:41:08', '2025-06-22 06:41:08'),
	(181, 1, 1, 1, 0, 1, NULL, 'exit', NULL, NULL, NULL, 181, '2025-05-08 06:37:33', '2025-05-22 12:05:15', '2025-05-22 12:05:15'),
	(182, 1, 1, 1, 0, 1, NULL, 'exit', NULL, NULL, NULL, 182, '2025-05-08 06:38:09', '2025-06-15 13:27:45', '2025-06-15 13:27:45'),
	(183, 1, 1, 1, 0, 1, NULL, 'active', NULL, NULL, NULL, 183, '2025-05-08 06:38:43', '2025-05-08 06:38:43', NULL),
	(184, 1, 1, 1, 0, 1, NULL, 'exit', NULL, NULL, NULL, 184, '2025-05-08 06:39:22', '2025-07-06 06:43:56', '2025-07-06 06:43:56'),
	(185, 1, 1, 1, 0, 1, NULL, 'active', NULL, NULL, NULL, 185, '2025-05-08 06:39:50', '2025-05-08 06:39:50', NULL),
	(186, 1, 1, 1, 0, 1, NULL, 'active', NULL, NULL, NULL, 186, '2025-05-08 06:40:18', '2025-05-08 06:40:18', NULL),
	(187, 1, 1, 1, 0, 1, NULL, 'active', NULL, NULL, NULL, 187, '2025-05-08 06:40:50', '2025-05-08 06:40:50', NULL),
	(188, 1, 1, 1, 0, 1, NULL, 'active', NULL, NULL, NULL, 188, '2025-05-08 06:41:22', '2025-05-08 06:41:22', NULL),
	(189, 1, 1, 1, 0, 1, NULL, 'active', NULL, NULL, NULL, 189, '2025-05-08 06:42:03', '2025-06-13 11:55:06', NULL),
	(190, 1, 1, 1, 0, 1, NULL, 'active', NULL, NULL, NULL, 190, '2025-05-08 06:42:30', '2025-05-08 06:42:30', NULL),
	(191, 1, 1, 1, 0, 1, NULL, 'active', NULL, NULL, NULL, 191, '2025-05-08 06:43:09', '2025-05-08 06:43:09', NULL),
	(192, 1, 1, 1, 0, 1, NULL, 'active', NULL, NULL, NULL, 192, '2025-05-08 06:43:57', '2025-05-08 06:43:57', NULL),
	(193, 1, 1, 1, 0, 1, NULL, 'exit', NULL, NULL, NULL, 193, '2025-05-08 06:44:29', '2025-06-25 12:13:21', '2025-06-25 12:13:21'),
	(194, 1, 1, 1, 0, 1, NULL, 'active', NULL, NULL, NULL, 194, '2025-05-08 06:45:40', '2025-06-13 11:55:03', NULL),
	(195, 1, 1, 1, 0, 1, NULL, 'active', NULL, NULL, NULL, 195, '2025-05-08 06:46:28', '2025-05-08 06:46:28', NULL),
	(196, 1, 1, 0, 0, 1, NULL, 'exit', NULL, NULL, NULL, 196, '2025-05-08 06:47:01', '2025-05-11 15:25:44', '2025-05-11 15:25:44'),
	(197, 1, 1, 1, 0, 0, NULL, 'active', NULL, NULL, NULL, 197, '2025-05-08 06:47:33', '2025-06-13 11:51:57', NULL),
	(198, 1, 1, 1, 0, 1, NULL, 'exit', NULL, NULL, NULL, 198, '2025-05-08 06:48:05', '2025-06-08 14:46:01', '2025-06-08 14:46:01'),
	(199, 1, 1, 1, 0, 1, NULL, 'active', NULL, NULL, NULL, 199, '2025-05-08 06:48:36', '2025-05-08 06:48:36', NULL),
	(200, 1, 1, 0, 0, 1, NULL, 'exit', NULL, NULL, NULL, 200, '2025-05-10 08:17:24', '2025-05-25 15:29:32', '2025-05-25 15:29:32'),
	(201, 1, 1, 1, 0, 1, NULL, 'active', NULL, NULL, NULL, 201, '2025-05-10 08:21:32', '2025-06-13 11:53:59', NULL),
	(202, 1, 1, 1, 0, 1, NULL, 'exit', NULL, NULL, NULL, 202, '2025-05-10 12:45:11', '2025-07-08 13:51:56', '2025-07-08 13:51:56'),
	(203, 0, 0, 1, 0, 1, NULL, 'active', NULL, NULL, NULL, 203, '2025-05-13 05:19:06', '2025-06-13 11:54:59', NULL),
	(204, 1, 1, 1, 0, 1, NULL, 'active', NULL, NULL, NULL, 204, '2025-05-14 07:06:01', '2025-06-13 11:55:08', NULL),
	(205, 1, 1, 1, 0, 1, NULL, 'exit', NULL, NULL, NULL, 205, '2025-05-17 04:39:25', '2025-07-07 14:08:12', '2025-07-07 14:08:12'),
	(206, 1, 1, 1, 0, 1, NULL, 'active', NULL, NULL, NULL, 206, '2025-05-20 07:08:18', '2025-06-13 11:53:46', NULL),
	(207, 1, 1, 1, 0, 1, NULL, 'active', NULL, NULL, NULL, 207, '2025-05-23 11:48:05', '2025-06-13 11:55:05', NULL),
	(208, 1, 1, 1, 0, 1, NULL, 'exit', NULL, NULL, NULL, 208, '2025-05-23 16:07:39', '2025-06-29 10:26:10', '2025-06-29 10:26:10'),
	(209, 1, 1, 1, 0, 1, NULL, 'active', NULL, NULL, NULL, 209, '2025-05-25 11:01:08', '2025-06-13 11:54:12', NULL),
	(210, 1, 1, 1, 0, 1, NULL, 'active', NULL, NULL, NULL, 210, '2025-05-28 13:14:52', '2025-06-13 11:53:58', NULL),
	(211, 1, 1, 1, 0, 1, NULL, 'active', NULL, NULL, NULL, 211, '2025-05-30 16:35:39', '2025-06-13 11:54:06', NULL),
	(212, 1, 1, 1, 0, 1, NULL, 'active', NULL, NULL, NULL, 212, '2025-05-31 07:51:58', '2025-06-13 11:54:57', NULL),
	(213, 1, 1, 1, 0, 1, NULL, 'active', NULL, NULL, NULL, 213, '2025-06-01 04:44:14', '2025-06-13 11:54:04', NULL),
	(214, 1, 1, 1, 0, 1, NULL, 'active', NULL, NULL, NULL, 214, '2025-06-05 07:52:45', '2025-07-07 05:18:24', NULL),
	(215, 1, 1, 1, 0, 1, NULL, 'active', NULL, NULL, NULL, 215, '2025-06-05 13:41:20', '2025-07-01 05:30:33', NULL),
	(216, 1, 1, 1, 0, 1, NULL, 'active', NULL, NULL, NULL, 216, '2025-06-07 12:01:15', '2025-06-13 11:54:01', NULL),
	(218, 1, 1, 1, 0, 1, NULL, 'active', NULL, NULL, NULL, 218, '2025-06-10 14:36:08', '2025-06-13 11:53:42', NULL),
	(220, 1, 1, 1, 0, 1, NULL, 'exit', NULL, NULL, NULL, 220, '2025-06-12 09:06:06', '2025-06-16 04:27:22', '2025-06-16 04:27:22'),
	(221, 1, 1, 1, 0, 1, NULL, 'active', NULL, NULL, NULL, 221, '2025-06-13 11:38:54', '2025-06-14 06:59:11', NULL),
	(222, 1, 1, 1, 0, 1, NULL, 'active', NULL, NULL, NULL, 222, '2025-06-23 00:42:17', '2025-07-04 13:37:37', NULL),
	(223, 1, 1, 1, 0, 1, NULL, 'active', NULL, NULL, NULL, 223, '2025-06-23 04:16:33', '2025-06-23 04:16:33', NULL),
	(224, 1, 1, 1, 0, 1, NULL, 'active', NULL, NULL, NULL, 224, '2025-06-24 03:30:40', '2025-06-24 03:30:40', NULL),
	(225, 1, 1, 1, 0, 1, NULL, 'active', NULL, NULL, NULL, 225, '2025-06-24 03:32:18', '2025-07-04 13:24:25', NULL),
	(226, 1, 1, 1, 0, 1, NULL, 'active', NULL, NULL, NULL, 226, '2025-06-24 03:32:58', '2025-07-04 13:24:18', NULL),
	(227, 1, 1, 1, 0, 1, NULL, 'active', NULL, NULL, NULL, 227, '2025-06-24 03:33:17', '2025-07-04 13:24:29', NULL),
	(228, 1, 1, 0, 0, 0, NULL, 'active', NULL, NULL, NULL, 228, '2025-06-24 03:33:39', '2025-07-02 07:13:24', NULL),
	(229, 1, 1, 1, 0, 1, NULL, 'active', NULL, NULL, NULL, 229, '2025-06-24 12:18:17', '2025-07-04 13:36:21', NULL),
	(230, 1, 1, 1, 0, 1, NULL, 'active', NULL, NULL, NULL, 230, '2025-06-24 12:25:18', '2025-06-29 04:58:02', NULL),
	(231, 1, 1, 1, 0, 1, NULL, 'leaving', NULL, NULL, NULL, 231, '2025-06-25 05:21:10', '2025-06-30 04:26:58', NULL),
	(233, 1, 1, 1, 0, 1, NULL, 'active', NULL, NULL, NULL, 233, '2025-06-25 12:31:28', '2025-06-25 12:31:28', NULL),
	(234, 1, 1, 1, 0, 1, NULL, 'active', NULL, NULL, NULL, 234, '2025-06-26 04:01:34', '2025-07-04 13:37:24', NULL),
	(235, 1, 1, 1, 0, 1, NULL, 'active', NULL, NULL, NULL, 235, '2025-06-26 04:36:46', '2025-06-26 04:36:46', NULL),
	(236, 1, 1, 1, 0, 1, NULL, 'active', NULL, NULL, NULL, 236, '2025-06-26 08:41:10', '2025-06-28 04:16:46', NULL),
	(237, 1, 1, 1, 0, 1, NULL, 'active', NULL, NULL, NULL, 237, '2025-06-27 03:29:25', '2025-07-04 13:37:07', NULL),
	(238, 1, 1, 0, 0, 1, NULL, 'active', NULL, NULL, NULL, 238, '2025-06-27 06:56:35', '2025-06-28 04:16:42', NULL),
	(240, 1, 1, 1, 0, 1, NULL, 'active', NULL, NULL, NULL, 240, '2025-06-28 09:17:55', '2025-07-04 13:35:52', NULL),
	(241, 1, 1, 1, 0, 1, NULL, 'active', NULL, NULL, NULL, 241, '2025-06-28 10:14:22', '2025-06-29 05:43:24', NULL),
	(243, 1, 1, 1, 0, 1, NULL, 'active', NULL, NULL, NULL, 243, '2025-06-29 04:45:26', '2025-07-04 13:37:27', NULL),
	(244, 1, 1, 1, 0, 1, NULL, 'active', NULL, NULL, NULL, 244, '2025-06-29 04:54:53', '2025-07-04 13:36:02', NULL),
	(245, 1, 1, 1, 0, 1, NULL, 'active', NULL, NULL, NULL, 245, '2025-06-29 06:00:27', '2025-07-04 13:36:33', NULL),
	(247, 1, 1, 0, 0, 0, NULL, 'reserve', NULL, NULL, NULL, 247, '2025-06-29 11:10:05', '2025-06-29 11:10:05', NULL),
	(248, 1, 1, 1, 0, 0, NULL, 'active', NULL, NULL, NULL, 248, '2025-06-30 13:54:49', '2025-07-04 13:36:47', NULL),
	(249, 1, 1, 1, 0, 1, NULL, 'active', NULL, NULL, NULL, 249, '2025-07-01 05:34:59', '2025-07-04 13:24:09', NULL),
	(250, 1, 1, 1, 0, 1, NULL, 'active', NULL, NULL, NULL, 250, '2025-07-01 14:53:11', '2025-07-04 13:24:37', NULL),
	(251, 1, 1, 0, 0, 0, NULL, 'exit', NULL, NULL, NULL, 251, '2025-07-01 14:59:43', '2025-07-02 07:13:47', '2025-07-02 07:13:47'),
	(252, 1, 1, 1, 0, 1, NULL, 'active', NULL, NULL, NULL, 252, '2025-07-02 07:14:13', '2025-07-04 13:24:23', NULL),
	(253, 1, 1, 1, 0, 1, NULL, 'active', NULL, NULL, NULL, 253, '2025-07-03 06:07:27', '2025-07-04 13:24:07', NULL),
	(254, 1, 1, 1, 0, 1, NULL, 'active', NULL, NULL, NULL, 254, '2025-07-04 13:06:36', '2025-07-04 13:24:04', NULL),
	(255, 1, 1, 1, 0, 1, NULL, 'active', NULL, NULL, NULL, 255, '2025-07-04 13:07:53', '2025-07-04 13:24:44', NULL),
	(256, 1, 1, 1, 0, 1, NULL, 'active', NULL, NULL, NULL, 256, '2025-07-07 14:05:24', '2025-07-07 14:05:24', NULL),
	(257, 1, 1, 0, 0, 1, NULL, 'active', NULL, NULL, NULL, 257, '2025-07-07 14:06:15', '2025-07-07 14:06:15', NULL),
	(258, 1, 1, 0, 0, 1, NULL, 'active', NULL, NULL, NULL, 258, '2025-07-08 14:12:04', '2025-07-08 14:12:04', NULL),
	(259, 1, 1, 0, 0, 1, NULL, 'active', NULL, NULL, NULL, 259, '2025-07-08 14:12:51', '2025-07-08 14:12:51', NULL),
	(260, 1, 1, 0, 0, 1, NULL, 'active', NULL, NULL, NULL, 260, '2025-07-08 14:13:24', '2025-07-08 14:13:24', NULL),
	(261, 1, 1, 0, 0, 1, NULL, 'active', NULL, NULL, NULL, 261, '2025-07-08 14:13:57', '2025-07-08 14:13:57', NULL),
	(262, 1, 1, 0, 0, 1, NULL, 'active', NULL, NULL, NULL, 262, '2025-07-08 14:15:20', '2025-07-08 14:15:20', NULL),
	(263, 1, 1, 0, 0, 0, NULL, 'reserve', NULL, NULL, NULL, 263, '2025-07-08 14:17:07', '2025-07-08 14:17:07', NULL),
	(264, 1, 1, 0, 0, 0, NULL, 'reserve', NULL, NULL, NULL, 264, '2025-07-08 15:21:27', '2025-07-08 15:21:27', NULL);

-- Dumping structure for table atlas1.info_takhts
CREATE TABLE IF NOT EXISTS `info_takhts` (
  `id` bigint unsigned NOT NULL AUTO_INCREMENT,
  `total_takht` int NOT NULL,
  `price` text CHARACTER SET utf8mb4 COLLATE utf8mb4_unicode_ci NOT NULL,
  `created_at` timestamp NULL DEFAULT NULL,
  `updated_at` timestamp NULL DEFAULT NULL,
  PRIMARY KEY (`id`)
) ENGINE=InnoDB DEFAULT CHARSET=utf8mb4 COLLATE=utf8mb4_unicode_ci;

-- Dumping data for table atlas1.info_takhts: ~0 rows (approximately)

-- Dumping structure for table atlas1.migrations
CREATE TABLE IF NOT EXISTS `migrations` (
  `id` int unsigned NOT NULL AUTO_INCREMENT,
  `migration` varchar(191) CHARACTER SET utf8mb4 COLLATE utf8mb4_unicode_ci NOT NULL,
  `batch` int NOT NULL,
  PRIMARY KEY (`id`)
) ENGINE=InnoDB AUTO_INCREMENT=16 DEFAULT CHARSET=utf8mb4 COLLATE=utf8mb4_unicode_ci;

-- Dumping data for table atlas1.migrations: ~0 rows (approximately)
REPLACE INTO `migrations` (`id`, `migration`, `batch`) VALUES
	(1, '2014_10_12_000000_create_users_table', 1),
	(2, '2014_10_12_100000_create_password_reset_tokens_table', 1),
	(3, '2019_08_19_000000_create_failed_jobs_table', 1),
	(4, '2019_12_14_000001_create_personal_access_tokens_table', 1),
	(5, '2025_04_25_060758_create_vaheds_table', 1),
	(6, '2025_04_25_060901_create_otaghs_table', 1),
	(7, '2025_04_25_060922_create_residents_table', 1),
	(8, '2025_04_25_060933_create_takhts_table', 1),
	(9, '2025_04_25_061020_create_info_residents_table', 1),
	(10, '2025_04_25_065149_add_foreign_key_to_residents_table', 1),
	(11, '2025_04_26_064907_create_descriptions_table', 1),
	(12, '2025_05_02_044338_create_info_takhts_table', 1),
	(13, '2025_05_04_033835_add_deleted_at_to_residents_table', 1),
	(14, '2025_05_04_033909_add_deleted_at_to_info_residents_table', 1),
	(15, '2025_05_06_073309_create_reservations_table', 1);

-- Dumping structure for table atlas1.otaghs
CREATE TABLE IF NOT EXISTS `otaghs` (
  `id` bigint unsigned NOT NULL AUTO_INCREMENT,
  `name` varchar(191) CHARACTER SET utf8mb4 COLLATE utf8mb4_unicode_ci NOT NULL,
  `total` int NOT NULL,
  `vahed_id` bigint unsigned NOT NULL,
  `created_at` timestamp NULL DEFAULT NULL,
  `updated_at` timestamp NULL DEFAULT NULL,
  PRIMARY KEY (`id`),
  KEY `otaghs_vahed_id_foreign` (`vahed_id`),
  CONSTRAINT `otaghs_vahed_id_foreign` FOREIGN KEY (`vahed_id`) REFERENCES `vaheds` (`id`) ON DELETE CASCADE
) ENGINE=InnoDB AUTO_INCREMENT=44 DEFAULT CHARSET=utf8mb4 COLLATE=utf8mb4_unicode_ci;

-- Dumping data for table atlas1.otaghs: ~0 rows (approximately)
REPLACE INTO `otaghs` (`id`, `name`, `total`, `vahed_id`, `created_at`, `updated_at`) VALUES
	(1, '101', 4, 1, NULL, NULL),
	(2, '102', 8, 1, NULL, NULL),
	(3, '103', 6, 1, NULL, NULL),
	(4, '104', 4, 1, NULL, NULL),
	(5, '105', 4, 1, NULL, NULL),
	(6, '106', 4, 1, NULL, NULL),
	(7, '107', 2, 1, NULL, NULL),
	(8, '108', 2, 1, NULL, NULL),
	(9, '109', 6, 1, NULL, NULL),
	(10, '110', 4, 1, NULL, NULL),
	(11, '201', 6, 2, NULL, NULL),
	(12, '202', 6, 2, NULL, NULL),
	(13, '203', 6, 2, NULL, NULL),
	(14, '204', 4, 2, NULL, NULL),
	(15, '205', 4, 2, NULL, NULL),
	(16, '206', 6, 2, NULL, NULL),
	(17, '207', 4, 2, NULL, NULL),
	(18, '208', 4, 2, NULL, NULL),
	(19, '209', 4, 2, NULL, NULL),
	(20, '210', 2, 2, NULL, NULL),
	(21, '301', 6, 3, NULL, NULL),
	(22, '302', 6, 3, NULL, NULL),
	(23, '303', 6, 3, NULL, NULL),
	(24, '304', 4, 3, NULL, NULL),
	(25, '305', 4, 3, NULL, NULL),
	(26, '306', 4, 3, NULL, NULL),
	(27, '307', 4, 3, NULL, NULL),
	(28, '308', 4, 3, NULL, NULL),
	(29, '309', 6, 3, NULL, NULL),
	(30, '310', 6, 3, NULL, NULL),
	(31, '311', 2, 3, NULL, NULL),
	(32, '312', 6, 3, NULL, NULL),
	(33, '401', 6, 4, NULL, NULL),
	(34, '402', 6, 4, NULL, NULL),
	(35, '403', 6, 4, NULL, NULL),
	(36, '404', 4, 4, NULL, NULL),
	(37, '405', 4, 4, NULL, NULL),
	(38, '406', 6, 4, NULL, NULL),
	(39, '407', 4, 4, NULL, NULL),
	(40, '408', 4, 4, NULL, NULL),
	(41, '409', 4, 4, NULL, NULL),
	(42, '410', 2, 4, NULL, NULL),
	(43, '411', 6, 4, NULL, NULL);

-- Dumping structure for table atlas1.password_reset_tokens
CREATE TABLE IF NOT EXISTS `password_reset_tokens` (
  `email` varchar(191) CHARACTER SET utf8mb4 COLLATE utf8mb4_unicode_ci NOT NULL,
  `token` varchar(191) CHARACTER SET utf8mb4 COLLATE utf8mb4_unicode_ci NOT NULL,
  `created_at` timestamp NULL DEFAULT NULL,
  PRIMARY KEY (`email`)
) ENGINE=InnoDB DEFAULT CHARSET=utf8mb4 COLLATE=utf8mb4_unicode_ci;

-- Dumping data for table atlas1.password_reset_tokens: ~0 rows (approximately)

-- Dumping structure for table atlas1.personal_access_tokens
CREATE TABLE IF NOT EXISTS `personal_access_tokens` (
  `id` bigint unsigned NOT NULL AUTO_INCREMENT,
  `tokenable_type` varchar(191) CHARACTER SET utf8mb4 COLLATE utf8mb4_unicode_ci NOT NULL,
  `tokenable_id` bigint unsigned NOT NULL,
  `name` varchar(191) CHARACTER SET utf8mb4 COLLATE utf8mb4_unicode_ci NOT NULL,
  `token` varchar(64) CHARACTER SET utf8mb4 COLLATE utf8mb4_unicode_ci NOT NULL,
  `abilities` text CHARACTER SET utf8mb4 COLLATE utf8mb4_unicode_ci,
  `last_used_at` timestamp NULL DEFAULT NULL,
  `expires_at` timestamp NULL DEFAULT NULL,
  `created_at` timestamp NULL DEFAULT NULL,
  `updated_at` timestamp NULL DEFAULT NULL,
  PRIMARY KEY (`id`),
  UNIQUE KEY `personal_access_tokens_token_unique` (`token`),
  KEY `personal_access_tokens_tokenable_type_tokenable_id_index` (`tokenable_type`,`tokenable_id`)
) ENGINE=InnoDB DEFAULT CHARSET=utf8mb4 COLLATE=utf8mb4_unicode_ci;

-- Dumping data for table atlas1.personal_access_tokens: ~0 rows (approximately)

-- Dumping structure for table atlas1.reservations
CREATE TABLE IF NOT EXISTS `reservations` (
  `id` bigint unsigned NOT NULL AUTO_INCREMENT,
  `name` varchar(191) CHARACTER SET utf8mb4 COLLATE utf8mb4_unicode_ci NOT NULL,
  `phone` varchar(191) CHARACTER SET utf8mb4 COLLATE utf8mb4_unicode_ci NOT NULL,
  `description` text CHARACTER SET utf8mb4 COLLATE utf8mb4_unicode_ci,
  `olaviat` enum('low','medium','high') CHARACTER SET utf8mb4 COLLATE utf8mb4_unicode_ci NOT NULL DEFAULT 'medium',
  `created_at` timestamp NULL DEFAULT NULL,
  `updated_at` timestamp NULL DEFAULT NULL,
  PRIMARY KEY (`id`)
) ENGINE=InnoDB AUTO_INCREMENT=33 DEFAULT CHARSET=utf8mb4 COLLATE=utf8mb4_unicode_ci;

-- Dumping data for table atlas1.reservations: ~0 rows (approximately)
REPLACE INTO `reservations` (`id`, `name`, `phone`, `description`, `olaviat`, `created_at`, `updated_at`) VALUES
	(32, 'سعید فرهادی', '09145057621', '4 تخته یا دو  تخته----09144640408', 'medium', '2025-07-07 13:37:32', '2025-07-07 13:37:32');

-- Dumping structure for table atlas1.residents
CREATE TABLE IF NOT EXISTS `residents` (
  `id` bigint unsigned NOT NULL AUTO_INCREMENT,
  `full_name` varchar(191) CHARACTER SET utf8mb4 COLLATE utf8mb4_unicode_ci NOT NULL,
  `phone` varchar(191) CHARACTER SET utf8mb4 COLLATE utf8mb4_unicode_ci DEFAULT NULL,
  `takht_id` bigint unsigned NOT NULL,
  `otagh_id` bigint unsigned NOT NULL,
  `start_date` varchar(191) CHARACTER SET utf8mb4 COLLATE utf8mb4_unicode_ci NOT NULL,
  `end_date` varchar(191) CHARACTER SET utf8mb4 COLLATE utf8mb4_unicode_ci NOT NULL,
  `created_at` timestamp NULL DEFAULT NULL,
  `updated_at` timestamp NULL DEFAULT NULL,
  `deleted_at` timestamp NULL DEFAULT NULL,
  PRIMARY KEY (`id`),
  KEY `residents_otagh_id_foreign` (`otagh_id`),
  KEY `residents_takht_id_foreign` (`takht_id`),
  CONSTRAINT `residents_otagh_id_foreign` FOREIGN KEY (`otagh_id`) REFERENCES `otaghs` (`id`) ON DELETE CASCADE,
  CONSTRAINT `residents_takht_id_foreign` FOREIGN KEY (`takht_id`) REFERENCES `takhts` (`id`) ON DELETE CASCADE
) ENGINE=InnoDB AUTO_INCREMENT=265 DEFAULT CHARSET=utf8mb4 COLLATE=utf8mb4_unicode_ci;

-- Dumping data for table atlas1.residents: ~0 rows (approximately)
REPLACE INTO `residents` (`id`, `full_name`, `phone`, `takht_id`, `otagh_id`, `start_date`, `end_date`, `created_at`, `updated_at`, `deleted_at`) VALUES
	(1, 'هویار مراتی', '0910-553-8599', 1, 1, '1404/2/18', '1404/4/28', '2025-05-08 01:06:33', '2025-06-24 10:07:53', NULL),
	(2, 'مهدی هادی فر', '0903-325-0600', 2, 1, '1404/2/18', '1404/5/7', '2025-05-08 01:07:07', '2025-06-29 04:44:27', NULL),
	(3, 'معین بهراد', '0935-249-2553', 3, 1, '1404/2/18', '1404/4/7', '2025-05-08 01:07:44', '2025-06-28 10:12:33', '2025-06-28 10:12:33'),
	(4, 'علی رحیم پور', '0993-909-7255', 4, 1, '1404/2/18', '1404/4/13', '2025-05-08 01:08:13', '2025-07-04 13:05:26', '2025-07-04 13:05:26'),
	(5, 'هومن رضوان نژاد', '0914-067-5318', 5, 2, '1404/2/18', '1404/3/30', '2025-05-08 01:09:33', '2025-06-22 02:01:22', '2025-06-22 02:01:22'),
	(6, 'مجید هاشمی', '0914-157-7756', 6, 2, '1404/2/18', '1404/5/10', '2025-05-08 01:10:09', '2025-07-02 07:04:36', NULL),
	(7, 'امیر علی اسماعیلی', '0916-968-1406', 7, 2, '1404/2/18', '1404/4/25', '2025-05-08 01:10:53', '2025-06-15 16:28:32', NULL),
	(8, 'سهیل عباس ابادی', '0919-038-5701', 8, 2, '1404/2/18', '1404/5/2', '2025-05-08 01:11:39', '2025-06-23 04:58:57', NULL),
	(9, 'محمد مرتضیی', '0917-002-6708', 9, 2, '1404/2/18', '1404/4/13', '2025-05-08 01:12:29', '2025-07-04 13:04:44', '2025-07-04 13:04:44'),
	(10, 'سامان صفری', '0901-402-9946', 38, 9, '1404/2/18', '1404/5/16', '2025-05-08 01:13:21', '2025-07-08 13:55:52', NULL),
	(11, 'رضا ناصری', '0903-747-5701', 11, 2, '1404/2/18', '1404/5/3', '2025-05-08 01:14:18', '2025-06-25 04:57:24', NULL),
	(12, 'محمد حسین رهایی', '0939-795-8528', 12, 2, '1404/2/18', '1404/4/21', '2025-05-08 01:15:01', '2025-06-13 12:36:14', NULL),
	(13, 'سینا حسینی', '0911-851-4337', 13, 3, '1404/2/18', '1404/5/5', '2025-05-08 01:16:47', '2025-06-23 04:54:53', NULL),
	(14, 'سید رضا موسوی', '0939-631-1378', 14, 3, '1404/2/18', '1404/5/1', '2025-05-08 01:20:22', '2025-06-26 03:59:19', NULL),
	(15, 'ارام عزیزی', '0999-924-4033', 15, 3, '1404/2/18', '1404/4/16', '2025-05-08 01:21:01', '2025-06-11 12:44:18', NULL),
	(16, 'حسین ولی پور', '0935-880-2484', 16, 3, '1404/2/18', '1404/5/6', '2025-05-08 01:21:44', '2025-06-30 04:36:51', NULL),
	(17, 'نیما رستمی', '0938-515-4484', 17, 3, '1404/2/18', '1404/4/27', '2025-05-08 01:22:19', '2025-06-22 03:04:07', NULL),
	(18, 'احسان عزیز ابادی', '0918-702-0539', 18, 3, '1404/2/18', '1404/4/29', '2025-05-08 01:22:57', '2025-06-22 03:07:29', NULL),
	(19, 'عرفان محمدی', '0912-607-0097', 19, 4, '1404/2/18', '1404/4/27', '2025-05-08 01:25:13', '2025-06-22 03:05:32', NULL),
	(20, 'محمد محیار نقیب زاده', '0914-762-4179', 20, 4, '1404/2/18', '1404/5/13', '2025-05-08 01:26:09', '2025-07-06 06:37:03', NULL),
	(21, 'کارن حیدری', '0939-772-6066', 21, 4, '1404/2/18', '1404/4/25', '2025-05-08 01:26:41', '2025-06-23 04:30:30', NULL),
	(22, 'کسری عظیمی', '0990-896-8126', 22, 4, '1404/2/18', '1404/5/13', '2025-05-08 01:27:22', '2025-07-06 06:43:38', NULL),
	(23, 'علی مانده', '0914-790-3528', 23, 5, '1404/2/18', '1404/4/30', '2025-05-08 01:30:01', '2025-06-25 04:45:32', NULL),
	(24, 'محمد یاسین نیک پناهی', '0912-308-0910', 24, 5, '1404/2/18', '1404/4/15', '2025-05-08 01:30:41', '2025-06-08 15:05:05', NULL),
	(25, 'مهدی اسدالله زاده', '0992-735-5092', 25, 5, '1404/2/18', '1404/5/14', '2025-05-08 01:31:15', '2025-07-06 06:37:36', NULL),
	(26, 'علی باقر زاده', '0937-481-3676', 26, 5, '1404/2/18', '1404/5/4', '2025-05-08 01:32:08', '2025-06-27 03:30:11', NULL),
	(27, 'ایلشن تابستانی', '0933-491-6443', 27, 6, '1404/2/18', '1404/5/8', '2025-05-08 01:32:53', '2025-07-01 05:27:07', NULL),
	(28, 'احمدرضا اسکندرپور', '0930-878-8436', 28, 6, '1404/2/18', '1404/5/8', '2025-05-08 01:33:57', '2025-06-30 04:40:20', NULL),
	(29, 'حسین جنگلی', '0933-087-6262', 29, 6, '1404/2/18', '1404/5/5', '2025-05-08 01:34:32', '2025-06-27 12:29:46', NULL),
	(30, 'سعید نوری', '0936-586-8064', 30, 6, '1404/2/18', '1404/4/17', '2025-05-08 01:35:19', '2025-07-08 13:52:30', '2025-07-08 13:52:30'),
	(31, 'سجاد نوروزپور', '0922-361-4813', 31, 7, '1404/2/18', '1404/5/15', '2025-05-08 01:46:37', '2025-07-06 06:39:06', NULL),
	(32, 'عباد دادخواه', '0939-630-9883', 32, 7, '1404/2/18', '1404/4/16', '2025-05-08 01:47:14', '2025-06-08 15:06:59', NULL),
	(33, 'علی بیاتیان', '0938-020-1629', 33, 8, '1404/2/18', '1404/5/16', '2025-05-08 01:48:02', '2025-07-02 07:00:44', NULL),
	(34, 'آریا محمودزاده', '0991-653-4564', 34, 8, '1404/2/18', '1404/4/30', '2025-05-08 01:48:49', '2025-06-22 03:08:05', NULL),
	(35, 'محمد حسین جزایری', '0914-081-1074', 35, 9, '1404/2/18', '1404/4/19', '2025-05-08 01:49:31', '2025-06-09 15:55:22', NULL),
	(36, 'محمد رضا حسین زاده', '0910-496-8858', 36, 9, '1404/2/18', '1404/5/3', '2025-05-08 01:50:16', '2025-06-25 05:05:53', NULL),
	(37, 'نوید رضایی', '0990-220-9132', 37, 9, '1404/2/18', '1404/4/29', '2025-05-08 01:50:49', '2025-06-28 03:01:56', NULL),
	(38, 'ایوب میرزایی', '09182692289', 38, 9, '1404/2/18', '1404/3/2', '2025-05-08 01:51:48', '2025-05-24 07:26:53', '2025-05-24 07:26:53'),
	(39, 'علی لطفی', '0913-738-9082', 39, 9, '1404/2/18', '1404/5/10', '2025-05-08 01:52:22', '2025-07-02 07:00:04', NULL),
	(40, 'سید علی موسوی', '0992-516-2161', 40, 9, '1404/2/18', '1404/4/2', '2025-05-08 01:52:54', '2025-06-26 04:09:51', '2025-06-26 04:09:51'),
	(41, 'سجاد صفاری', '0939-732-0763', 41, 10, '1404/2/18', '1404/4/28', '2025-05-08 01:53:39', '2025-06-23 04:12:32', NULL),
	(42, 'علیرضا حا‌ئری', '0992-141-5045', 42, 10, '1404/2/18', '1404/5/15', '2025-05-08 01:54:34', '2025-07-07 05:17:42', NULL),
	(43, 'امیر محمد ساکی زاده', '0933-027-2703', 43, 10, '1404/2/18', '1404/5/7', '2025-05-08 01:55:08', '2025-06-29 04:36:31', NULL),
	(44, 'محمد رضا راستی', '0917-223-3241', 44, 10, '1404/2/18', '1404/5/2', '2025-05-08 01:55:38', '2025-06-23 04:59:41', NULL),
	(45, 'نیما یغمایی', '0903-344-6968', 45, 11, '1404/2/18', '1404/4/18', '2025-05-08 02:00:36', '2025-06-09 15:56:07', NULL),
	(46, 'امیر محمد حسن فام', '0903-250-5225', 46, 11, '1404/2/18', '1404/3/22', '2025-05-08 02:01:38', '2025-06-18 02:55:42', '2025-06-18 02:55:42'),
	(47, 'علیرضا کامیاب', '0916-636-3241', 47, 11, '1404/2/18', '1404/5/5', '2025-05-08 02:02:17', '2025-06-27 03:27:08', NULL),
	(48, 'حسین امامی مقدم', '0936-463-7537', 48, 11, '1404/2/18', '1404/4/20', '2025-05-08 02:03:07', '2025-06-11 12:50:03', NULL),
	(49, 'بهنام سلیمان نادرپور', '0919-506-3105', 49, 11, '1404/2/18', '1404/3/22', '2025-05-08 02:04:06', '2025-06-22 06:54:36', '2025-06-22 06:54:36'),
	(50, 'علیرضا خرم زاد', '0993-367-0689', 50, 11, '1404/2/18', '1404/4/29', '2025-05-08 02:04:46', '2025-06-30 04:41:19', NULL),
	(51, 'رادین علیزاده', '0990-343-2600', 51, 12, '1404/2/18', '1404/4/29', '2025-05-08 02:05:32', '2025-06-22 03:09:23', NULL),
	(52, 'سهند اصغری', '0914-986-8412', 52, 12, '1404/2/18', '1404/4/1', '2025-05-08 02:06:13', '2025-06-16 09:07:53', '2025-06-16 09:07:53'),
	(53, 'محسن فلاح', '0921-441-6803', 53, 12, '1404/2/18', '1404/4/30', '2025-05-08 02:07:03', '2025-07-08 13:54:37', NULL),
	(54, 'حامد شفیعی نیکو', '0939-690-9859', 54, 12, '1404/2/18', '1404/3/25', '2025-05-08 02:07:35', '2025-06-17 05:12:38', '2025-06-17 05:12:38'),
	(55, 'حسین اسکندری', '0939-315-9151', 55, 12, '1404/2/18', '1404/5/6', '2025-05-08 02:08:18', '2025-06-28 03:00:20', NULL),
	(56, 'میثم درخشان', '0922-609-3469', 56, 12, '1404/2/18', '1404/4/18', '2025-05-08 02:08:53', '2025-06-08 15:05:39', NULL),
	(57, 'حمید رضا جوادی', '0992-800-5205', 57, 13, '1404/2/18', '1404/4/27', '2025-05-08 02:09:32', '2025-06-23 04:53:45', NULL),
	(58, 'رضا کلی وند', '0918-512-3194', 58, 13, '1404/2/18', '1404/4/27', '2025-05-08 02:10:06', '2025-06-22 03:04:35', NULL),
	(59, 'یحیی بختیاری', '0921-005-4378', 59, 13, '1404/2/18', '1404/5/3', '2025-05-08 02:10:45', '2025-06-26 03:58:41', NULL),
	(60, 'رامین عشقی', '0910-068-9959', 60, 13, '1404/2/18', '1404/5/16', '2025-05-08 02:11:41', '2025-07-08 13:55:44', NULL),
	(61, 'سعید عامری', '0991-551-4383', 63, 14, '1404/2/18', '1404/4/17', '2025-05-08 02:14:13', '2025-06-08 15:40:48', NULL),
	(62, 'علیرضاخزایی', '0935-996-6746', 64, 14, '1404/2/18', '1404/4/20', '2025-05-08 02:14:52', '2025-06-11 12:50:33', NULL),
	(63, 'مهدی ناظم پور', '0992-337-0640', 65, 14, '1404/2/18', '1404/4/17', '2025-05-08 02:15:32', '2025-06-08 15:37:36', NULL),
	(64, 'علیرضا عرب فتیده', '0910-560-1060', 66, 14, '1404/2/18', '1404/4/25', '2025-05-08 02:20:42', '2025-06-15 16:26:45', NULL),
	(65, 'علیرضا حبیبی', '0910-140-5695', 67, 15, '1404/2/18', '1404/5/10', '2025-05-08 02:21:43', '2025-07-02 07:01:19', NULL),
	(66, 'سید محمد رضا صداقت', '0915-507-2547', 68, 15, '1404/2/18', '1404/3/29', '2025-05-08 02:22:18', '2025-06-18 02:56:54', '2025-06-18 02:56:54'),
	(67, 'سینا ولی زاده', '0921-075-2678', 69, 15, '1404/2/18', '1404/4/27', '2025-05-08 02:22:48', '2025-06-22 03:04:48', NULL),
	(68, 'زانیار رازه', '0918-401-1381', 70, 15, '1404/2/18', '1404/4/17', '2025-05-08 02:23:17', '2025-06-08 15:44:07', NULL),
	(69, 'علی کشیر', '0901-730-6018', 71, 16, '1404/2/18', '1404/4/29', '2025-05-08 02:25:23', '2025-06-22 14:57:58', NULL),
	(70, 'علی علی محمدی', '0921-022-6929', 72, 16, '1404/2/18', '1404/5/26', '2025-05-08 02:26:13', '2025-07-03 04:40:02', NULL),
	(71, 'رضا افروزه', '0930-435-8059', 73, 16, '1404/2/18', '1404/4/29', '2025-05-08 02:26:47', '2025-06-22 03:07:09', NULL),
	(72, 'علی رسولی', '0993-458-0755', 74, 16, '1404/2/18', '1404/3/30', '2025-05-08 02:27:46', '2025-06-22 06:27:14', '2025-06-22 06:27:14'),
	(73, 'محمد حسین پاکرو', '0921-721-6977', 75, 16, '1404/2/18', '1404/4/16', '2025-05-08 02:28:21', '2025-07-07 05:23:25', '2025-07-07 05:23:25'),
	(74, 'امیر فتحی', '0914-570-1291', 76, 16, '1404/2/18', '1404/5/6', '2025-05-08 02:28:53', '2025-06-29 10:33:24', NULL),
	(75, 'حسین قایدی رحمتی', '0901-242-6726', 77, 17, '1404/2/18', '1404/4/18', '2025-05-08 02:29:42', '2025-06-11 13:35:54', NULL),
	(76, 'علی جلیلی', '0912-318-8098', 78, 17, '1404/2/18', '1404/4/22', '2025-05-08 02:30:25', '2025-06-28 02:55:47', NULL),
	(77, 'صادق خواجه وند', '0935-731-3280', 79, 17, '1404/2/18', '1404/5/3', '2025-05-08 02:30:57', '2025-06-29 04:39:52', NULL),
	(78, 'مجید محمودی', '0915-823-2648', 80, 17, '1404/2/18', '1404/4/17', '2025-05-08 02:31:34', '2025-06-08 15:38:38', NULL),
	(79, 'سید علی حیدری', '0933-433-0916', 81, 18, '1404/2/18', '1404/4/13', '2025-05-08 02:42:09', '2025-07-03 04:49:57', '2025-07-03 04:49:57'),
	(80, 'مهدی مصطفیی', '0990-585-9604', 82, 18, '1404/2/18', '1404/4/19', '2025-05-08 02:43:29', '2025-06-11 12:47:36', NULL),
	(81, 'سعید خزروند', '09192303624', 83, 18, '1404/2/18', '1404/3/2', '2025-05-08 02:44:29', '2025-05-22 10:21:49', '2025-05-22 10:21:49'),
	(82, 'علی امید علی', '0916-858-0977', 84, 18, '1404/2/18', '1404/4/1', '2025-05-08 02:44:58', '2025-06-22 03:15:10', '2025-06-22 03:15:10'),
	(83, 'احسان شاهرخی', '0933-103-5007', 85, 19, '1404/2/18', '1404/5/1', '2025-05-08 02:45:37', '2025-06-23 04:32:08', NULL),
	(84, 'صالح حسینی', '0902-152-6275', 86, 19, '1404/2/18', '1404/4/17', '2025-05-08 02:46:14', '2025-07-08 13:52:06', '2025-07-08 13:52:06'),
	(85, 'علی نیک پناه', '0930-202-8633', 87, 19, '1404/2/18', '1404/5/5', '2025-05-08 02:46:48', '2025-06-29 04:37:29', NULL),
	(86, 'امیر مهدی خطی نسب', '0902-970-1755', 88, 19, '1404/2/18', '1404/3/28', '2025-05-08 02:47:38', '2025-06-23 09:34:33', '2025-06-23 09:34:33'),
	(87, 'رشاد رضاپور', '0935-641-1590', 89, 20, '1404/2/18', '1404/5/10', '2025-05-08 02:48:13', '2025-07-03 04:38:51', NULL),
	(88, 'مصطفی ساغریان', '0903-536-4999', 90, 20, '1404/2/18', '1404/4/26', '2025-05-08 02:48:43', '2025-06-14 15:04:57', NULL),
	(89, 'حبیب زیانی', '0917-106-2047', 61, 13, '1404/2/18', '1404/5/12', '2025-05-08 02:52:55', '2025-07-04 12:53:08', NULL),
	(90, 'دیار بانگین', '0914-209-3972', 62, 13, '1404/2/18', '1404/4/17', '2025-05-08 02:53:41', '2025-07-08 13:52:19', '2025-07-08 13:52:19'),
	(91, 'محمد کریمی', '0918-645-5160', 91, 21, '1404/2/18', '1404/5/8', '2025-05-08 03:09:17', '2025-07-04 12:54:19', NULL),
	(92, 'حسین دستاویز', '0910-210-8649', 92, 21, '1404/2/18', '1404/3/23', '2025-05-08 03:10:02', '2025-06-18 02:56:04', '2025-06-18 02:56:04'),
	(93, 'رضا سعید', '0914-486-4855', 93, 21, '1404/2/18', '1404/4/17', '2025-05-08 03:10:39', '2025-07-07 14:04:30', '2025-07-07 14:04:30'),
	(94, 'حامد نوروزی', '0919-552-3503', 94, 21, '1404/2/18', '1404/4/29', '2025-05-08 03:15:18', '2025-06-23 04:31:21', NULL),
	(95, 'محمد رضا ارمیون', '0912-802-0395', 95, 21, '1404/2/18', '1404/4/2', '2025-05-08 03:16:14', '2025-05-23 01:30:28', NULL),
	(96, 'علیرضا دری پور', '0915-077-8639', 96, 21, '1404/2/18', '1404/4/3', '2025-05-08 03:16:46', '2025-06-10 12:58:14', '2025-06-10 12:58:14'),
	(97, 'علیرضا خوشنویس', '0910-757-5410', 97, 22, '1404/2/18', '1404/4/15', '2025-05-08 03:17:23', '2025-06-29 10:56:25', '2025-06-29 10:56:25'),
	(98, 'محمد گلکار', '0902-526-6778', 98, 22, '1404/2/18', '1404/4/30', '2025-05-08 03:18:04', '2025-06-22 03:07:43', NULL),
	(99, 'سهند پیرمراد', '0901-192-6475', 99, 22, '1404/2/18', '1404/5/2', '2025-05-08 03:18:50', '2025-06-22 06:17:31', NULL),
	(100, 'سعید قربانی', '0914-725-2580', 100, 22, '1404/2/18', '1404/5/2', '2025-05-08 03:19:23', '2025-06-23 04:53:15', NULL),
	(101, 'محمدرضا دریابکی', '0911-886-7989', 101, 22, '1404/2/18', '1404/5/15', '2025-05-08 03:19:56', '2025-07-08 13:55:29', NULL),
	(102, 'مهدیار بیژنی', '0933-490-8478', 102, 22, '1404/2/18', '1404/4/18', '2025-05-08 03:20:45', '2025-06-08 15:44:53', NULL),
	(103, 'محمد رضا فتاحی', '0913-652-8360', 103, 23, '1404/2/18', '1404/5/13', '2025-05-08 05:06:29', '2025-07-04 13:22:13', NULL),
	(104, 'عبدالرضا وزیری', '0937-125-5418', 104, 23, '1404/2/18', '1404/5/1', '2025-05-08 05:07:06', '2025-07-03 04:40:18', NULL),
	(105, 'مهران حیدری', '09177787708', 105, 23, '1404/2/18', '1404/3/17', '2025-05-08 05:07:45', '2025-06-10 16:40:58', '2025-06-10 16:40:58'),
	(106, 'محمد امین غنی زاده', '0914-240-7768', 106, 23, '1404/2/18', '1404/4/2', '2025-05-08 05:08:28', '2025-06-16 04:25:21', '2025-06-16 04:25:21'),
	(107, 'عرفان رحیم زاده', '0918-874-2814', 107, 23, '1404/2/18', '1404/4/16', '2025-05-08 05:09:18', '2025-07-08 13:55:13', '2025-07-08 13:55:13'),
	(108, 'دانیال امیدیان', '09145566199', 109, 24, '1404/2/18', '1404/3/14', '2025-05-08 05:10:12', '2025-06-05 07:51:59', '2025-06-05 07:51:59'),
	(110, 'محمد نادری', '09187774249', 111, 24, '1404/2/18', '1404/3/14', '2025-05-08 05:11:39', '2025-06-05 07:52:14', '2025-06-05 07:52:14'),
	(111, 'مهدری رستمی', '0921-047-1076', 112, 24, '1404/2/18', '1404/2/31', '2025-05-08 05:12:11', '2025-05-28 13:00:11', '2025-05-28 13:00:11'),
	(112, 'حسیبن عباس لو', '0912-686-8214', 113, 25, '1404/2/18', '1404/4/30', '2025-05-08 05:12:51', '2025-06-22 03:09:08', NULL),
	(113, 'امجد دغاقله', '0933-887-1324', 114, 25, '1404/2/18', '1404/4/3', '2025-05-08 05:13:58', '2025-05-31 04:48:35', NULL),
	(114, 'بابک مرادی', '0918-013-1022', 108, 23, '1404/2/18', '1404/4/27', '2025-05-08 05:14:46', '2025-06-22 03:08:47', NULL),
	(115, 'پوریا حبیبی', '0905-140-1534', 116, 25, '1404/2/18', '1404/4/16', '2025-05-08 05:15:17', '2025-06-11 12:52:47', NULL),
	(116, 'محمد حسین هژیرکمال', '0902-660-8998', 117, 26, '1404/2/18', '1404/5/15', '2025-05-08 05:15:54', '2025-07-07 05:16:52', NULL),
	(117, 'سجاد سرمدی', '0930-278-0151', 118, 26, '1404/2/18', '1404/4/14', '2025-05-08 05:16:25', '2025-06-08 15:42:38', NULL),
	(118, 'وهاب دشتبانی', '0936-201-6304', 119, 26, '1404/2/18', '1404/5/15', '2025-05-08 05:18:03', '2025-07-06 06:39:41', NULL),
	(120, 'محمد نصیری', '09126005465', 120, 26, '1404/2/18', '1404/3/9', '2025-05-08 05:21:10', '2025-05-28 12:54:45', '2025-05-28 12:54:45'),
	(121, 'سپهر یعقوبی', '0937-203-9997', 121, 27, '1404/2/18', '1404/5/3', '2025-05-08 05:21:55', '2025-06-25 04:58:09', NULL),
	(122, 'محمد حسین شیروانی', '0937-269-4818', 122, 27, '1404/2/18', '1404/5/5', '2025-05-08 05:22:39', '2025-06-27 03:26:20', NULL),
	(123, 'علی احمدی', '0933-755-2752', 123, 27, '1404/2/18', '1404/4/30', '2025-05-08 05:23:32', '2025-06-22 03:08:29', NULL),
	(124, 'فرزین فکری', '0939-956-6347', 124, 27, '1404/2/18', '1404/4/26', '2025-05-08 05:24:17', '2025-06-22 03:06:27', NULL),
	(125, 'محمد علی دلاوری', '09142481830', 125, 28, '1404/2/18', '1404/3/18', '2025-05-08 05:25:04', '2025-06-03 08:14:00', '2025-06-03 08:14:00'),
	(126, 'محمد روستا', '0902-233-0014', 126, 28, '1404/2/18', '1404/5/14', '2025-05-08 05:26:30', '2025-07-06 06:51:56', NULL),
	(127, 'رضا قلندری', '0936-169-2674', 86, 19, '1404/2/18', '1404/4/17', '2025-05-08 05:27:24', '2025-07-08 13:59:06', NULL),
	(128, 'محمد مهدی محمدی', '0919-984-1381', 128, 28, '1404/2/18', '1404/4/19', '2025-05-08 05:28:06', '2025-06-09 15:55:12', NULL),
	(129, 'محمد هژیرقانعی', '0918-972-3004', 129, 29, '1404/2/18', '1404/4/17', '2025-05-08 05:29:58', '2025-07-08 13:51:43', '2025-07-08 13:51:43'),
	(130, 'محسن الخانیان', '0902-436-3055', 130, 29, '1404/2/18', '1404/5/1', '2025-05-08 05:30:44', '2025-06-23 04:15:16', NULL),
	(131, 'احمد اقلیما', '09365202454', 131, 29, '1404/2/18', '1404/2/28', '2025-05-08 05:31:29', '2025-05-18 04:56:35', '2025-05-18 04:56:35'),
	(132, 'علی ابراهیمی', '0918-488-8812', 132, 29, '1404/2/18', '1404/3/17', '2025-05-08 05:32:41', '2025-06-03 08:13:45', '2025-06-03 08:13:45'),
	(133, 'علیرضا محمدی', '0935-301-0441', 133, 29, '1404/2/18', '1404/4/19', '2025-05-08 05:33:33', '2025-06-09 15:52:11', NULL),
	(134, 'متین کیانپور - مهمان', '0902-090-5874', 174, 37, '1404/2/18', '1404/2/21', '2025-05-08 05:34:32', '2025-05-11 14:21:14', '2025-05-11 14:21:14'),
	(135, 'امیر حسین سهرابی', '0905-844-4625', 135, 30, '1404/2/18', '1404/5/8', '2025-05-08 05:35:17', '2025-07-06 06:51:05', NULL),
	(136, 'محمد ارامش', '0939-455-3110', 136, 30, '1404/2/18', '1404/5/1', '2025-05-08 05:35:53', '2025-06-23 04:22:23', NULL),
	(137, 'محسن کاشفی', '0903-781-0013', 137, 30, '1404/2/18', '1404/4/17', '2025-05-08 05:36:46', '2025-06-13 12:39:54', NULL),
	(138, 'امیر رضا شکری', '0991-343-7544', 138, 30, '1404/2/18', '1404/4/19', '2025-05-08 05:37:27', '2025-06-11 12:51:39', NULL),
	(139, 'حیدر دجیله', '0910-095-3455', 176, 38, '1404/2/18', '1404/4/18', '2025-05-08 05:38:35', '2025-06-09 15:55:34', NULL),
	(140, 'رضا والی زاده', '0991-459-6016', 140, 30, '1404/2/18', '1404/5/9', '2025-05-08 05:39:13', '2025-07-04 12:57:46', NULL),
	(141, 'مرتضی مولایی فر', '0936-422-3382', 141, 31, '1404/2/18', '1404/3/22', '2025-05-08 05:39:53', '2025-06-23 14:40:08', '2025-06-23 14:40:08'),
	(142, 'مهران سواری', '09002221467', 142, 31, '1404/2/18', '1404/2/4', '2025-05-08 05:40:27', '2025-05-08 05:40:27', NULL),
	(143, 'رضا صفاری', '0990-395-4494', 143, 32, '1404/2/18', '1404/5/6', '2025-05-08 05:41:37', '2025-06-29 04:47:14', NULL),
	(144, 'علی سبزی', '0937-276-6648', 144, 32, '1404/2/18', '1404/5/12', '2025-05-08 05:42:08', '2025-07-04 12:55:11', NULL),
	(145, 'حسام حرمتی', '0993-725-0207', 145, 32, '1404/2/18', '1404/5/12', '2025-05-08 05:43:20', '2025-07-04 12:56:09', NULL),
	(146, 'بهزاد لله', '0911-692-1845', 146, 32, '1404/2/18', '1404/4/19', '2025-05-08 05:44:03', '2025-06-11 12:46:51', NULL),
	(147, 'محمد حسین فتاحی', '0916-443-6441', 147, 32, '1404/2/18', '1404/4/20', '2025-05-08 05:45:04', '2025-06-11 12:49:35', NULL),
	(148, 'امیر حسین عظیمی', '0913-025-6368', 148, 32, '1404/2/18', '1404/5/4', '2025-05-08 05:47:22', '2025-06-25 05:05:16', NULL),
	(149, 'حسن عبدالملکی', '0918-809-7451', 149, 33, '1404/2/18', '1404/5/1', '2025-05-08 05:50:21', '2025-06-23 04:18:39', NULL),
	(150, 'علی پورحکیم', '0933-664-7374', 150, 33, '1404/2/18', '1404/5/8', '2025-05-08 05:51:14', '2025-06-30 04:39:42', NULL),
	(151, 'اکبر امیری', '0919-143-3753', 151, 33, '1404/2/18', '1404/4/30', '2025-05-08 05:52:15', '2025-06-29 04:46:46', NULL),
	(152, 'حجت کرمی', '0918-585-4495', 152, 33, '1404/2/18', '1404/4/21', '2025-05-08 05:53:05', '2025-06-13 12:36:56', NULL),
	(153, 'محمد امین کشاورزپور', '0933-993-2315', 153, 33, '1404/2/18', '1404/5/9', '2025-05-08 05:53:50', '2025-07-02 07:01:59', NULL),
	(154, 'محمد سید زاده', '0902-991-7020', 154, 33, '1404/2/18', '1404/5/5', '2025-05-08 05:54:31', '2025-06-29 04:38:02', NULL),
	(155, 'محمد رضا مداح', '0912-731-1098', 155, 34, '1404/2/18', '1404/5/17', '2025-05-08 05:59:07', '2025-07-08 13:51:34', NULL),
	(156, 'مرتضی احسان فرد', '0922-793-9528', 156, 34, '1404/2/18', '1404/5/1', '2025-05-08 06:00:41', '2025-06-23 04:11:55', NULL),
	(157, 'کیارش نظر رشیدی', '0930-016-7338', 157, 34, '1404/2/18', '1404/5/8', '2025-05-08 06:14:07', '2025-06-29 04:43:23', NULL),
	(158, 'اسماعیل بیات', '0938-736-4501', 158, 34, '1404/2/18', '1404/4/22', '2025-05-08 06:16:26', '2025-06-13 12:40:27', NULL),
	(159, 'محسن زارع', '0933-610-3383', 159, 34, '1404/2/18', '1404/3/27', '2025-05-08 06:16:58', '2025-06-23 09:57:48', '2025-06-23 09:57:48'),
	(160, 'محمد باغبانی', '0910-881-6015', 68, 15, '1404/2/18', '1404/5/12', '2025-05-08 06:17:29', '2025-07-07 14:07:17', NULL),
	(161, 'محمد رضا زازی', '0996-494-1299', 161, 35, '1404/2/18', '1404/4/10', '2025-05-08 06:18:22', '2025-06-22 17:32:43', '2025-06-22 17:32:43'),
	(162, 'محسن محمدی', '0938-594-6973', 162, 35, '1404/2/18', '1404/4/1', '2025-05-08 06:19:30', '2025-06-15 13:25:34', '2025-06-15 13:25:34'),
	(163, 'محمد ابراهیمیان', '0922-540-9462', 163, 35, '1404/2/18', '1404/3/22', '2025-05-08 06:20:13', '2025-05-31 07:50:08', '2025-05-31 07:50:08'),
	(164, 'صمد کریمخانی', '0912-895-2841', 164, 35, '1404/2/18', '1404/4/19', '2025-05-08 06:21:00', '2025-06-16 07:47:06', NULL),
	(165, 'راشد نصری', '0918-917-8729', 165, 35, '1404/2/18', '1404/4/25', '2025-05-08 06:21:30', '2025-06-11 12:54:25', NULL),
	(166, 'عارف غلامی', '0938-709-6620', 166, 35, '1404/2/18', '1404/3/18', '2025-05-08 06:22:23', '2025-06-09 13:23:48', '2025-06-09 13:23:48'),
	(167, 'امیر مارابی', '0901-613-5513', 167, 36, '1404/2/18', '1404/5/9', '2025-05-08 06:23:12', '2025-07-01 05:32:36', NULL),
	(168, 'نمیا شکرزاده', '0914-703-7058', 168, 36, '1404/2/18', '1404/5/4', '2025-05-08 06:23:41', '2025-06-26 03:56:39', NULL),
	(169, 'مهدی قهرمان پور', '0914-525-6425', 169, 36, '1404/2/18', '1404/5/9', '2025-05-08 06:24:19', '2025-07-01 05:27:48', NULL),
	(170, 'مجید نظری', '0937-156-6646', 170, 36, '1404/2/18', '1404/5/5', '2025-05-08 06:24:51', '2025-06-26 03:57:10', NULL),
	(171, 'علیرضا بیرامی', '0939-175-0711', 171, 37, '1404/2/18', '1404/4/24', '2025-05-08 06:25:32', '2025-06-26 04:13:20', NULL),
	(172, 'علی حق گو', '0935-880-8903', 172, 37, '1404/2/18', '1404/4/20', '2025-05-08 06:26:06', '2025-06-13 12:10:53', NULL),
	(173, 'ایمان طحان', '0991-232-0811', 173, 37, '1404/2/18', '1404/5/3', '2025-05-08 06:26:48', '2025-06-25 04:49:04', NULL),
	(174, 'یاشار دیل مغانی', '0912-426-9363', 175, 38, '1404/2/18', '1404/4/10', '2025-05-08 06:32:11', '2025-06-01 04:38:59', NULL),
	(175, 'امیرحسین عسگریان', '09363705666', 176, 38, '1404/2/18', '1404/2/20', '2025-05-08 06:32:57', '2025-05-10 08:22:33', '2025-05-10 08:22:33'),
	(176, 'فرنام صداقت نیا', '0938-680-6579', 177, 38, '1404/2/18', '1404/5/11', '2025-05-08 06:33:40', '2025-06-28 06:45:34', NULL),
	(177, 'امیرحسین صفایی شیخ ابادی', '0913-426-8355', 178, 38, '1404/2/18', '1404/4/27', '2025-05-08 06:34:14', '2025-06-23 04:58:45', NULL),
	(178, 'علی سرشارپور', '0937-878-5263', 179, 38, '1404/2/18', '1404/4/9', '2025-05-08 06:34:45', '2025-05-31 04:51:59', NULL),
	(179, 'مهدی پورخلیل رشید', '0914-794-4823', 181, 39, '1404/2/18', '1404/3/29', '2025-05-08 06:35:43', '2025-06-18 02:57:18', '2025-06-18 02:57:18'),
	(180, 'محمد امین افخمی', '0992-802-3518', 182, 39, '1404/2/18', '1404/3/29', '2025-05-08 06:36:54', '2025-06-22 06:41:08', '2025-06-22 06:41:08'),
	(181, 'امیرحسین خیرالله زاده', '09032061498', 183, 39, '1404/2/18', '1404/3/1', '2025-05-08 06:37:33', '2025-05-22 12:05:15', '2025-05-22 12:05:15'),
	(182, 'علی بهرامی', '0990-141-7039', 184, 39, '1404/2/18', '1404/4/1', '2025-05-08 06:38:09', '2025-06-15 13:27:45', '2025-06-15 13:27:45'),
	(183, 'محمدرضا کاویانپور', '0918-677-2550', 185, 40, '1404/2/18', '1404/4/28', '2025-05-08 06:38:43', '2025-06-22 03:05:05', NULL),
	(184, 'علی عدیلی پور', '0916-233-6214', 186, 40, '1404/2/18', '1404/4/15', '2025-05-08 06:39:22', '2025-07-06 06:43:56', '2025-07-06 06:43:56'),
	(185, 'محمد مقدسی', '0930-112-4232', 187, 40, '1404/2/18', '1404/5/7', '2025-05-08 06:39:50', '2025-06-29 04:40:26', NULL),
	(186, 'وحید کریمی', '0919-541-1376', 188, 40, '1404/2/18', '1404/5/7', '2025-05-08 06:40:18', '2025-06-29 04:41:12', NULL),
	(187, 'حسین نوروزی', '0918-352-1270', 189, 41, '1404/2/18', '1404/4/15', '2025-05-08 06:40:50', '2025-06-08 15:08:13', NULL),
	(188, 'رضا سعادتی مقدم', '0938-866-5052', 190, 41, '1404/2/18', '1404/5/8', '2025-05-08 06:41:22', '2025-07-04 13:01:16', NULL),
	(189, 'امیر حسین قربانی', '0914-023-2317', 191, 41, '1404/2/18', '1404/4/25', '2025-05-08 06:42:03', '2025-06-15 16:30:37', NULL),
	(190, 'حسین تاجی', '0930-339-6093', 192, 41, '1404/2/18', '1404/4/27', '2025-05-08 06:42:30', '2025-06-23 04:26:57', NULL),
	(191, 'صدرا صادری', '0935-563-4279', 193, 42, '1404/2/18', '1404/5/15', '2025-05-08 06:43:09', '2025-07-07 05:19:38', NULL),
	(192, 'صندید صادری', '0930-377-2830', 194, 42, '1404/2/18', '1404/5/15', '2025-05-08 06:43:57', '2025-07-07 05:19:37', NULL),
	(193, 'مهدی میر رشید', '0911-269-2921', 195, 43, '1404/2/18', '1404/4/3', '2025-05-08 06:44:29', '2025-06-25 12:13:21', '2025-06-25 12:13:21'),
	(194, 'امیرحسین فتاحی', '0938-680-6579', 180, 38, '1404/2/18', '1404/5/18', '2025-05-08 06:45:40', '2025-07-06 06:35:04', NULL),
	(195, 'رضا غلامی', '0939-648-7208', 196, 43, '1404/2/18', '1404/5/6', '2025-05-08 06:46:28', '2025-06-29 04:43:53', NULL),
	(196, 'دانیال مصیبی', '09381165020', 197, 43, '1404/2/18', '1404/3/16', '2025-05-08 06:47:01', '2025-05-11 15:25:44', '2025-05-11 15:25:44'),
	(197, 'حسن گلپور', '0910-007-1090', 198, 43, '1404/2/18', '1404/5/5', '2025-05-08 06:47:33', '2025-06-27 03:27:50', NULL),
	(198, 'امیرحسین شفیعی', '0903-141-8208', 199, 43, '1404/2/18', '1404/3/20', '2025-05-08 06:48:05', '2025-06-08 14:46:01', '2025-06-08 14:46:01'),
	(199, 'حمیدرضا شعاع', '0919-211-8424', 200, 43, '1404/2/18', '1404/5/10', '2025-05-08 06:48:36', '2025-07-02 07:03:35', NULL),
	(200, 'محمد قدیر زمانه مقدم', '09185772032', 139, 30, '1404/2/20', '1404/3/17', '2025-05-10 08:17:24', '2025-05-25 15:29:32', '2025-05-25 15:29:32'),
	(201, 'محمد حافظ اسدی', '0992-069-1355', 115, 25, '1404/2/20', '1404/5/1', '2025-05-10 08:21:32', '2025-06-23 05:01:40', NULL),
	(202, 'رحمان قاسمیان', '0991-203-3469', 131, 29, '1404/2/20', '1404/4/16', '2025-05-10 12:45:11', '2025-07-08 13:51:56', '2025-07-08 13:51:56'),
	(203, 'محمد رفیعی', '0939-521-3714', 174, 37, '1404/2/23', '1404/4/23', '2025-05-13 05:19:06', '2025-06-16 07:45:04', NULL),
	(204, 'محمد حسین پایمرد', '0992-010-1497', 197, 43, '1404/2/24', '1404/4/24', '2025-05-14 07:06:01', '2025-06-15 16:19:35', NULL),
	(205, 'امیرحسین سیف نژاد', '0905-682-9798', 134, 29, '1404/2/27', '1404/4/26', '2025-05-17 04:39:25', '2025-07-07 14:08:12', '2025-07-07 14:08:12'),
	(206, 'محمد حسین زر آبادی', '0905-719-4582', 110, 24, '1404/2/30', '1404/4/29', '2025-05-20 07:08:18', '2025-06-22 03:06:52', NULL),
	(207, 'سید سهند آقایی', '0937-266-4878', 186, 40, '1404/3/2', '1404/5/2', '2025-05-23 11:48:05', '2025-07-06 06:44:34', NULL),
	(208, 'محمدسعید عبادی', '09215197640', 83, 18, '1404/3/2', '1404/4/3', '2025-05-23 16:07:39', '2025-06-29 10:26:10', '2025-06-29 10:26:10'),
	(209, 'امیر رضا بیرانوند', '0901-305-0839', 139, 30, '1404/3/4', '1404/5/5', '2025-05-25 11:01:08', '2025-06-28 02:55:17', NULL),
	(210, 'پوریا افراشته', '0996-425-0420', 112, 24, '1404/3/7', '1404/5/8', '2025-05-28 13:14:52', '2025-07-01 05:26:23', NULL),
	(211, 'پژمان رضایی', '0911-294-8126', 132, 29, '1404/3/9', '1404/5/9', '2025-05-30 16:35:39', '2025-07-01 05:28:17', NULL),
	(212, 'محمد ابراهیمیان', '0922-540-9462', 163, 35, '1404/3/10', '1404/4/22', '2025-05-31 07:51:58', '2025-06-13 12:44:29', NULL),
	(213, 'سعید نجفی', '0905-559-0647', 129, 29, '1404/3/11', '1404/5/8', '2025-06-01 04:44:14', '2025-07-08 13:58:34', NULL),
	(214, 'محسن غنیا', '0901-522-4286', 111, 24, '1404/3/15', '1404/5/15', '2025-06-05 07:52:45', '2025-07-07 05:18:40', NULL),
	(215, 'سینا راستگویان', '0933-222-1385', 109, 24, '1404/3/15', '1404/5/9', '2025-06-05 13:41:20', '2025-07-01 05:31:24', NULL),
	(216, 'میلاد واحدی', '0912-729-7025', 120, 26, '1404/3/17', '1404/4/17', '2025-06-07 12:01:15', '2025-06-08 15:41:22', NULL),
	(218, 'حسین علیزاده', '0930-676-8023', 96, 21, '1404/3/20', '1404/4/20', '2025-06-10 14:36:08', '2025-06-11 12:53:26', NULL),
	(220, 'برابر جانی', '09306356167', 166, 35, '1404/3/22', '1404/3/22', '2025-06-12 09:06:06', '2025-06-16 04:27:22', '2025-06-16 04:27:22'),
	(221, 'حسین عسگرزاده', '0911-834-5405', 105, 23, '1404/3/23', '1404/4/24', '2025-06-13 11:38:54', '2025-06-16 04:21:41', NULL),
	(222, 'محسن محمدی', '0990-289-8981', 161, 35, '1404/4/2', '1404/5/2', '2025-06-23 00:42:17', '2025-06-23 04:52:44', NULL),
	(223, 'بهنام سلیمان نادرپور', '0919-506-3105', 46, 11, '1404/4/2', '1404/4/22', '2025-06-23 04:16:33', '2025-06-23 04:16:45', NULL),
	(224, 'حمید رضا فهیمی', '09377611887', 88, 19, '1404/4/3', '1404/5/3', '2025-06-24 03:30:40', '2025-06-24 03:30:40', NULL),
	(225, 'محمد رضا قاسمی', '0910-589-5822', 181, 39, '1404/4/3', '1404/5/4', '2025-06-24 03:32:18', '2025-06-29 04:42:38', NULL),
	(226, 'الیاس نوربخش', '0938-223-8567', 182, 39, '1404/4/3', '1404/5/4', '2025-06-24 03:32:58', '2025-07-01 14:52:00', NULL),
	(227, 'محمد امین جلیلیان', '0994-064-8104', 183, 39, '1404/4/3', '1404/5/4', '2025-06-24 03:33:17', '2025-06-30 04:37:38', NULL),
	(228, 'بهزاد نجفی نژاد', '09186809786', 184, 39, '1404/4/3', '1404/5/11', '2025-06-24 03:33:39', '2025-07-08 14:16:20', NULL),
	(229, 'موعد جیحونیان', '0993-661-8533', 84, 18, '1404/4/3', '1404/5/3', '2025-06-24 12:18:17', '2025-06-25 04:50:36', NULL),
	(230, 'جواد راشدی', '0937-249-2929', 3, 1, '1404/4/3', '1404/5/3', '2025-06-24 12:25:18', '2025-07-06 06:34:24', NULL),
	(231, 'ایمان طبرستانی', '0911-783-0897', 5, 2, '1404/4/4', '1404/5/4', '2025-06-25 05:21:10', '2025-06-26 03:54:39', NULL),
	(233, 'دانیال احمدپور', '0903-015-1477', 10, 2, '1404/4/4', '1404/5/4', '2025-06-25 12:31:28', '2025-06-26 03:57:55', NULL),
	(234, 'محمد صفری', '0939-443-4536', 162, 35, '1404/4/5', '1404/5/4', '2025-06-26 04:01:34', '2025-07-01 05:32:08', NULL),
	(235, 'سید علی موسوی', '0992-516-2161', 40, 9, '1404/4/5', '1404/5/2', '2025-06-26 04:36:46', '2025-07-01 05:29:09', NULL),
	(236, 'علی  عبدالهی', '09931136291', 52, 12, '1404/4/5', '1404/5/6', '2025-06-26 08:41:10', '2025-06-26 08:41:10', NULL),
	(237, 'مبین برارجانی', '', 159, 34, '1404/4/6', '1404/5/5', '2025-06-27 03:29:25', '2025-06-27 03:29:25', NULL),
	(238, 'وحید افتخاری', '0935-606-5134', 195, 43, '1404/4/6', '1404/5/6', '2025-06-27 06:56:35', '2025-07-01 15:18:05', NULL),
	(240, 'محمدمهدی صاحب هنر', '09359072972', 49, 11, '1404/4/7', '1404/5/7', '2025-06-28 09:17:55', '2025-06-28 09:17:55', NULL),
	(241, 'سواری', '', 141, 31, '1404/4/7', '1404/4/6', '2025-06-28 10:14:22', '2025-06-28 10:14:22', NULL),
	(243, 'محمد شیرین پور', '09368344685', 166, 35, '1404/4/8', '1404/5/7', '2025-06-29 04:45:26', '2025-06-29 04:45:26', NULL),
	(244, 'عماد براتی', '0913-009-1474', 74, 16, '1404/4/8', '1404/5/8', '2025-06-29 04:54:53', '2025-06-30 04:35:02', NULL),
	(245, 'مهدی کاظمی', '0914-895-1815', 92, 21, '1404/4/8', '1404/5/8', '2025-06-29 06:00:27', '2025-06-30 04:35:36', NULL),
	(247, 'حامد شفیعی', NULL, 54, 12, '1404/4/8', '1404/4/8', '2025-06-29 11:10:05', '2025-06-30 04:37:57', NULL),
	(248, 'رامیار غلامی', '0923-331-6567', 97, 22, '1404/4/9', '1404/5/10', '2025-06-30 13:54:49', '2025-07-01 15:16:28', NULL),
	(249, 'امیر رضا فرزانه', '09365936558', 83, 18, '1404/4/10', '1404/5/10', '2025-07-01 05:34:59', '2025-07-01 05:34:59', NULL),
	(250, 'امیرحسین هاشمی', '0917-262-6325', 106, 23, '1404/4/10', '1404/5/11', '2025-07-01 14:53:11', '2025-07-06 06:35:36', NULL),
	(251, 'صداقت', NULL, 199, 43, '1404/4/10', '1404/4/11', '2025-07-01 14:59:43', '2025-07-02 07:13:47', '2025-07-02 07:13:47'),
	(252, 'علی صداقت', '09017277424', 199, 43, '1404/4/11', '1404/5/11', '2025-07-02 07:14:13', '2025-07-04 13:06:58', NULL),
	(253, 'عرفان لادی', '0914-505-7621', 81, 18, '1404/4/12', '1404/5/12', '2025-07-03 06:07:27', '2025-07-04 12:53:46', NULL),
	(254, 'محمد گنجی', '09197428986', 9, 2, '1404/4/13', '1404/5/13', '2025-07-04 13:06:36', '2025-07-04 13:06:36', NULL),
	(255, 'حمیدرضا حسن پور', '09075880941', 4, 1, '1404/4/13', '1404/5/13', '2025-07-04 13:07:53', '2025-07-04 13:07:53', NULL),
	(256, 'علیرضا دری پور', '0911-308-4926', 93, 21, '1404/4/16', '1404/5/16', '2025-07-07 14:05:24', '2025-07-08 13:54:49', NULL),
	(257, 'مهدی عیوضی', '09926885089', 75, 16, '1404/4/16', '1404/4/16', '2025-07-07 14:06:15', '2025-07-07 14:06:15', NULL),
	(258, 'بردیا جوانی', '09305717403', 30, 6, '1404/4/17', '1404/4/17', '2025-07-08 14:12:04', '2025-07-08 14:12:04', NULL),
	(259, 'محمد جواد بخشی', '09184380624', 125, 28, '1404/4/17', '1404/4/17', '2025-07-08 14:12:51', '2025-07-08 14:12:51', NULL),
	(260, 'مجتبی حیدری', '09104829545', 127, 28, '1404/4/17', '1404/4/20', '2025-07-08 14:13:24', '2025-07-08 14:13:24', NULL),
	(261, 'امیر محمد حسن فام', '09032505225', 62, 13, '1404/4/17', '1404/5/17', '2025-07-08 14:13:57', '2025-07-08 14:13:57', NULL),
	(262, 'جواد جلیلی', '09136392479', 160, 34, '1404/4/17', '1404/4/18', '2025-07-08 14:15:20', '2025-07-08 14:15:20', NULL),
	(263, 'لشگری', '', 131, 29, '1404/4/17', '1404/4/17', '2025-07-08 14:17:07', '2025-07-08 14:17:07', NULL),
	(264, 'محمد حسین جلالی مقدم', '09156161783', 134, 29, '1404/4/17', '1404/4/17', '2025-07-08 15:21:27', '2025-07-08 15:21:27', NULL);

-- Dumping structure for table atlas1.takhts
CREATE TABLE IF NOT EXISTS `takhts` (
  `id` bigint unsigned NOT NULL AUTO_INCREMENT,
  `name` varchar(191) CHARACTER SET utf8mb4 COLLATE utf8mb4_unicode_ci NOT NULL,
  `otagh_id` bigint unsigned NOT NULL,
  `state` enum('empty','full','reserve') CHARACTER SET utf8mb4 COLLATE utf8mb4_unicode_ci NOT NULL DEFAULT 'empty',
  `resident_id` bigint unsigned DEFAULT NULL,
  `created_at` timestamp NULL DEFAULT NULL,
  `updated_at` timestamp NULL DEFAULT NULL,
  PRIMARY KEY (`id`),
  KEY `takhts_otagh_id_foreign` (`otagh_id`),
  KEY `takhts_resident_id_foreign` (`resident_id`),
  CONSTRAINT `takhts_otagh_id_foreign` FOREIGN KEY (`otagh_id`) REFERENCES `otaghs` (`id`) ON DELETE CASCADE,
  CONSTRAINT `takhts_resident_id_foreign` FOREIGN KEY (`resident_id`) REFERENCES `residents` (`id`) ON DELETE SET NULL
) ENGINE=InnoDB AUTO_INCREMENT=201 DEFAULT CHARSET=utf8mb4 COLLATE=utf8mb4_unicode_ci;

-- Dumping data for table atlas1.takhts: ~0 rows (approximately)
REPLACE INTO `takhts` (`id`, `name`, `otagh_id`, `state`, `resident_id`, `created_at`, `updated_at`) VALUES
	(1, '101_1', 1, 'full', NULL, NULL, '2025-05-08 01:06:33'),
	(2, '101_2', 1, 'full', NULL, NULL, '2025-05-08 01:07:07'),
	(3, '101_3', 1, 'full', NULL, NULL, '2025-06-29 04:58:02'),
	(4, '101_4', 1, 'full', NULL, NULL, '2025-07-04 13:07:53'),
	(5, '102_1', 2, 'full', NULL, NULL, '2025-06-25 05:21:10'),
	(6, '102_2', 2, 'full', NULL, NULL, '2025-05-08 01:10:09'),
	(7, '102_3', 2, 'full', NULL, NULL, '2025-05-08 01:10:53'),
	(8, '102_4', 2, 'full', NULL, NULL, '2025-05-08 01:11:39'),
	(9, '102_5', 2, 'full', NULL, NULL, '2025-07-04 13:06:36'),
	(10, '102_6', 2, 'full', NULL, NULL, '2025-06-25 12:31:28'),
	(11, '102_7', 2, 'full', NULL, NULL, '2025-05-08 01:14:18'),
	(12, '102_8', 2, 'full', NULL, NULL, '2025-05-08 01:15:01'),
	(13, '103_1', 3, 'full', NULL, NULL, '2025-05-08 01:16:47'),
	(14, '103_2', 3, 'full', NULL, NULL, '2025-05-08 01:20:22'),
	(15, '103_3', 3, 'full', NULL, NULL, '2025-05-08 01:21:01'),
	(16, '103_4', 3, 'full', NULL, NULL, '2025-05-08 01:21:44'),
	(17, '103_5', 3, 'full', NULL, NULL, '2025-05-08 01:22:19'),
	(18, '103_6', 3, 'full', NULL, NULL, '2025-05-08 01:22:57'),
	(19, '104_1', 4, 'full', NULL, NULL, '2025-05-08 01:25:13'),
	(20, '104_2', 4, 'full', NULL, NULL, '2025-05-08 01:26:09'),
	(21, '104_3', 4, 'full', NULL, NULL, '2025-05-08 01:26:41'),
	(22, '104_4', 4, 'full', NULL, NULL, '2025-05-08 01:27:22'),
	(23, '105_1', 5, 'full', NULL, NULL, '2025-05-08 01:30:01'),
	(24, '105_2', 5, 'full', NULL, NULL, '2025-05-08 01:30:41'),
	(25, '105_3', 5, 'full', NULL, NULL, '2025-05-08 01:31:15'),
	(26, '105_4', 5, 'full', NULL, NULL, '2025-05-08 01:32:08'),
	(27, '106_1', 6, 'full', NULL, NULL, '2025-05-08 01:32:53'),
	(28, '106_2', 6, 'full', NULL, NULL, '2025-05-08 01:33:57'),
	(29, '106_3', 6, 'full', NULL, NULL, '2025-05-08 01:34:32'),
	(30, '106_4', 6, 'full', NULL, NULL, '2025-07-08 14:12:04'),
	(31, '107_1', 7, 'full', NULL, NULL, '2025-05-08 01:46:37'),
	(32, '107_2', 7, 'full', NULL, NULL, '2025-05-08 01:47:14'),
	(33, '108_1', 8, 'full', NULL, NULL, '2025-05-08 01:48:02'),
	(34, '108_2', 8, 'full', NULL, NULL, '2025-05-08 01:48:49'),
	(35, '109_1', 9, 'full', NULL, NULL, '2025-05-08 01:49:31'),
	(36, '109_2', 9, 'full', NULL, NULL, '2025-05-08 01:50:16'),
	(37, '109_3', 9, 'full', NULL, NULL, '2025-05-08 01:50:49'),
	(38, '109_4', 9, 'full', NULL, NULL, '2025-05-28 13:05:37'),
	(39, '109_5', 9, 'full', NULL, NULL, '2025-05-08 01:52:22'),
	(40, '109_6', 9, 'full', NULL, NULL, '2025-06-26 04:36:46'),
	(41, '110_1', 10, 'full', NULL, NULL, '2025-05-08 01:53:39'),
	(42, '110_2', 10, 'full', NULL, NULL, '2025-05-08 01:54:34'),
	(43, '110_3', 10, 'full', NULL, NULL, '2025-05-08 01:55:08'),
	(44, '110_4', 10, 'full', NULL, NULL, '2025-05-08 01:55:38'),
	(45, '201_1', 11, 'full', NULL, NULL, '2025-05-08 02:00:36'),
	(46, '201_2', 11, 'full', NULL, NULL, '2025-06-23 04:16:33'),
	(47, '201_3', 11, 'full', NULL, NULL, '2025-05-08 02:02:17'),
	(48, '201_4', 11, 'full', NULL, NULL, '2025-05-08 02:03:07'),
	(49, '201_5', 11, 'full', NULL, NULL, '2025-06-28 09:17:55'),
	(50, '201_6', 11, 'full', NULL, NULL, '2025-05-08 02:04:46'),
	(51, '202_1', 12, 'full', NULL, NULL, '2025-05-08 02:05:32'),
	(52, '202_2', 12, 'full', NULL, NULL, '2025-06-26 08:41:10'),
	(53, '202_3', 12, 'full', NULL, NULL, '2025-05-08 02:07:03'),
	(54, '202_4', 12, 'reserve', NULL, NULL, '2025-06-29 11:10:05'),
	(55, '202_5', 12, 'full', NULL, NULL, '2025-05-08 02:08:18'),
	(56, '202_6', 12, 'full', NULL, NULL, '2025-05-08 02:08:53'),
	(57, '203_1', 13, 'full', NULL, NULL, '2025-05-08 02:09:32'),
	(58, '203_2', 13, 'full', NULL, NULL, '2025-05-08 02:10:06'),
	(59, '203_3', 13, 'full', NULL, NULL, '2025-05-08 02:10:45'),
	(60, '203_4', 13, 'full', NULL, NULL, '2025-05-08 02:11:41'),
	(61, '203_5', 13, 'full', NULL, NULL, '2025-05-08 02:52:55'),
	(62, '203_6', 13, 'full', NULL, NULL, '2025-07-08 14:13:57'),
	(63, '204_1', 14, 'full', NULL, NULL, '2025-05-08 02:14:13'),
	(64, '204_2', 14, 'full', NULL, NULL, '2025-05-08 02:14:52'),
	(65, '204_3', 14, 'full', NULL, NULL, '2025-05-08 02:15:32'),
	(66, '204_4', 14, 'full', NULL, NULL, '2025-05-08 02:20:42'),
	(67, '205_1', 15, 'full', NULL, NULL, '2025-05-08 02:21:43'),
	(68, '205_2', 15, 'full', NULL, NULL, '2025-07-07 14:07:17'),
	(69, '205_3', 15, 'full', NULL, NULL, '2025-05-08 02:22:48'),
	(70, '205_4', 15, 'full', NULL, NULL, '2025-05-08 02:23:17'),
	(71, '206_1', 16, 'full', NULL, NULL, '2025-05-08 02:25:23'),
	(72, '206_2', 16, 'full', NULL, NULL, '2025-05-08 02:26:13'),
	(73, '206_3', 16, 'full', NULL, NULL, '2025-05-08 02:26:47'),
	(74, '206_4', 16, 'full', NULL, NULL, '2025-06-29 04:58:20'),
	(75, '206_5', 16, 'full', NULL, NULL, '2025-07-07 14:06:15'),
	(76, '206_6', 16, 'full', NULL, NULL, '2025-05-08 02:28:53'),
	(77, '207_1', 17, 'full', NULL, NULL, '2025-05-08 02:29:42'),
	(78, '207_2', 17, 'full', NULL, NULL, '2025-05-08 02:30:25'),
	(79, '207_3', 17, 'full', NULL, NULL, '2025-05-08 02:30:57'),
	(80, '207_4', 17, 'full', NULL, NULL, '2025-05-08 02:31:34'),
	(81, '208_1', 18, 'full', NULL, NULL, '2025-07-03 06:07:27'),
	(82, '208_2', 18, 'full', NULL, NULL, '2025-05-08 02:43:29'),
	(83, '208_3', 18, 'full', NULL, NULL, '2025-07-01 05:34:59'),
	(84, '208_4', 18, 'full', NULL, NULL, '2025-06-24 12:22:11'),
	(85, '209_1', 19, 'full', NULL, NULL, '2025-05-08 02:45:37'),
	(86, '209_2', 19, 'full', NULL, NULL, '2025-07-08 13:59:06'),
	(87, '209_3', 19, 'full', NULL, NULL, '2025-05-08 02:46:48'),
	(88, '209_4', 19, 'full', NULL, NULL, '2025-06-24 03:30:40'),
	(89, '210_1', 20, 'full', NULL, NULL, '2025-05-08 02:48:13'),
	(90, '210_2', 20, 'full', NULL, NULL, '2025-05-08 02:48:43'),
	(91, '301_1', 21, 'full', NULL, NULL, '2025-05-08 03:09:17'),
	(92, '301_2', 21, 'full', NULL, NULL, '2025-06-29 06:00:27'),
	(93, '301_3', 21, 'full', NULL, NULL, '2025-07-07 14:05:24'),
	(94, '301_4', 21, 'full', NULL, NULL, '2025-05-08 03:15:18'),
	(95, '301_5', 21, 'full', NULL, NULL, '2025-05-08 03:16:14'),
	(96, '301_6', 21, 'full', NULL, NULL, '2025-06-10 14:36:08'),
	(97, '302_1', 22, 'reserve', NULL, NULL, '2025-07-01 15:16:28'),
	(98, '302_2', 22, 'full', NULL, NULL, '2025-05-08 03:18:04'),
	(99, '302_3', 22, 'full', NULL, NULL, '2025-05-08 03:18:50'),
	(100, '302_4', 22, 'full', NULL, NULL, '2025-05-08 03:19:23'),
	(101, '302_5', 22, 'full', NULL, NULL, '2025-05-08 03:19:56'),
	(102, '302_6', 22, 'full', NULL, NULL, '2025-05-08 03:20:45'),
	(103, '303_1', 23, 'full', NULL, NULL, '2025-05-08 05:06:30'),
	(104, '303_2', 23, 'full', NULL, NULL, '2025-05-08 05:07:06'),
	(105, '303_3', 23, 'full', NULL, NULL, '2025-06-14 06:59:11'),
	(106, '303_4', 23, 'reserve', NULL, NULL, '2025-07-01 15:18:05'),
	(107, '303_5', 23, 'empty', NULL, NULL, '2025-07-08 13:55:13'),
	(108, '303_6', 23, 'full', NULL, NULL, '2025-05-10 08:13:18'),
	(109, '304_1', 24, 'full', NULL, NULL, '2025-07-01 05:30:33'),
	(110, '304_2', 24, 'full', NULL, NULL, '2025-05-20 07:08:18'),
	(111, '304_3', 24, 'full', NULL, NULL, '2025-07-07 05:18:24'),
	(112, '304_4', 24, 'full', NULL, NULL, '2025-05-31 04:50:14'),
	(113, '305_1', 25, 'full', NULL, NULL, '2025-05-08 05:12:51'),
	(114, '305_2', 25, 'full', NULL, NULL, '2025-05-08 05:13:58'),
	(115, '305_3', 25, 'full', NULL, NULL, '2025-05-17 04:46:23'),
	(116, '305_4', 25, 'full', NULL, NULL, '2025-05-08 05:15:17'),
	(117, '306_1', 26, 'full', NULL, NULL, '2025-05-08 05:15:54'),
	(118, '306_2', 26, 'full', NULL, NULL, '2025-05-08 05:16:25'),
	(119, '306_3', 26, 'full', NULL, NULL, '2025-05-08 05:18:03'),
	(120, '306_4', 26, 'full', NULL, NULL, '2025-06-07 12:01:16'),
	(121, '307_1', 27, 'full', NULL, NULL, '2025-05-08 05:21:55'),
	(122, '307_2', 27, 'full', NULL, NULL, '2025-05-08 05:22:40'),
	(123, '307_3', 27, 'full', NULL, NULL, '2025-05-08 05:23:32'),
	(124, '307_4', 27, 'full', NULL, NULL, '2025-05-08 05:24:17'),
	(125, '308_1', 28, 'full', NULL, NULL, '2025-07-08 14:12:51'),
	(126, '308_2', 28, 'full', NULL, NULL, '2025-05-08 05:26:30'),
	(127, '308_3', 28, 'full', NULL, NULL, '2025-07-08 14:13:24'),
	(128, '308_4', 28, 'full', NULL, NULL, '2025-05-08 05:28:06'),
	(129, '309_1', 29, 'full', NULL, NULL, '2025-07-08 13:58:34'),
	(130, '309_2', 29, 'full', NULL, NULL, '2025-05-08 05:30:44'),
	(131, '309_3', 29, 'reserve', NULL, NULL, '2025-07-08 14:17:07'),
	(132, '309_4', 29, 'full', NULL, NULL, '2025-06-04 04:33:59'),
	(133, '309_5', 29, 'full', NULL, NULL, '2025-05-08 05:33:33'),
	(134, '309_6', 29, 'empty', NULL, NULL, '2025-07-07 14:08:12'),
	(135, '310_1', 30, 'full', NULL, NULL, '2025-05-08 05:35:17'),
	(136, '310_2', 30, 'full', NULL, NULL, '2025-05-08 05:35:53'),
	(137, '310_3', 30, 'full', NULL, NULL, '2025-05-08 05:36:46'),
	(138, '310_4', 30, 'full', NULL, NULL, '2025-05-08 05:37:27'),
	(139, '310_5', 30, 'full', NULL, NULL, '2025-05-26 05:09:37'),
	(140, '310_6', 30, 'full', NULL, NULL, '2025-05-08 05:39:13'),
	(141, '311_1', 31, 'full', NULL, NULL, '2025-06-29 04:58:43'),
	(142, '311_2', 31, 'full', NULL, NULL, '2025-05-08 05:40:27'),
	(143, '312_1', 32, 'full', NULL, NULL, '2025-05-08 05:41:37'),
	(144, '312_2', 32, 'full', NULL, NULL, '2025-05-08 05:42:08'),
	(145, '312_3', 32, 'full', NULL, NULL, '2025-05-08 05:43:20'),
	(146, '312_4', 32, 'full', NULL, NULL, '2025-05-08 05:44:04'),
	(147, '312_5', 32, 'full', NULL, NULL, '2025-05-08 05:45:04'),
	(148, '312_6', 32, 'full', NULL, NULL, '2025-05-08 05:47:22'),
	(149, '401_1', 33, 'full', NULL, NULL, '2025-05-08 05:50:21'),
	(150, '401_2', 33, 'full', NULL, NULL, '2025-05-08 05:51:14'),
	(151, '401_3', 33, 'full', NULL, NULL, '2025-05-08 05:52:15'),
	(152, '401_4', 33, 'full', NULL, NULL, '2025-05-08 05:53:05'),
	(153, '401_5', 33, 'full', NULL, NULL, '2025-05-08 05:53:50'),
	(154, '401_6', 33, 'full', NULL, NULL, '2025-05-08 05:54:31'),
	(155, '402_1', 34, 'full', NULL, NULL, '2025-05-08 05:59:07'),
	(156, '402_2', 34, 'full', NULL, NULL, '2025-05-08 06:00:41'),
	(157, '402_3', 34, 'full', NULL, NULL, '2025-05-08 06:14:07'),
	(158, '402_4', 34, 'full', NULL, NULL, '2025-05-08 06:16:26'),
	(159, '402_5', 34, 'full', NULL, NULL, '2025-06-27 03:29:25'),
	(160, '402_6', 34, 'full', NULL, NULL, '2025-07-08 14:15:20'),
	(161, '403_1', 35, 'full', NULL, NULL, '2025-06-23 00:42:17'),
	(162, '403_2', 35, 'full', NULL, NULL, '2025-06-29 04:57:31'),
	(163, '403_3', 35, 'full', NULL, NULL, '2025-05-31 07:51:58'),
	(164, '403_4', 35, 'full', NULL, NULL, '2025-05-08 06:21:00'),
	(165, '403_5', 35, 'full', NULL, NULL, '2025-05-08 06:21:30'),
	(166, '403_6', 35, 'full', NULL, NULL, '2025-06-29 04:45:26'),
	(167, '404_1', 36, 'full', NULL, NULL, '2025-05-08 06:23:12'),
	(168, '404_2', 36, 'full', NULL, NULL, '2025-05-08 06:23:41'),
	(169, '404_3', 36, 'full', NULL, NULL, '2025-05-08 06:24:19'),
	(170, '404_4', 36, 'full', NULL, NULL, '2025-05-08 06:24:51'),
	(171, '405_1', 37, 'full', NULL, NULL, '2025-05-08 06:25:32'),
	(172, '405_2', 37, 'full', NULL, NULL, '2025-05-08 06:26:06'),
	(173, '405_3', 37, 'reserve', NULL, NULL, '2025-05-26 05:16:18'),
	(174, '405_4', 37, 'full', NULL, NULL, '2025-05-15 09:33:59'),
	(175, '406_1', 38, 'full', NULL, NULL, '2025-05-08 06:32:11'),
	(176, '406_2', 38, 'full', NULL, NULL, '2025-05-13 14:44:58'),
	(177, '406_3', 38, 'full', NULL, NULL, '2025-05-08 06:33:40'),
	(178, '406_4', 38, 'full', NULL, NULL, '2025-05-08 06:34:14'),
	(179, '406_5', 38, 'full', NULL, NULL, '2025-05-08 06:34:45'),
	(180, '406_6', 38, 'full', NULL, NULL, '2025-05-13 06:29:04'),
	(181, '407_1', 39, 'full', NULL, NULL, '2025-06-25 00:12:26'),
	(182, '407_2', 39, 'full', NULL, NULL, '2025-06-29 04:41:43'),
	(183, '407_3', 39, 'full', NULL, NULL, '2025-06-29 04:55:38'),
	(184, '407_4', 39, 'full', NULL, NULL, '2025-07-02 07:13:24'),
	(185, '408_1', 40, 'full', NULL, NULL, '2025-05-08 06:38:43'),
	(186, '408_2', 40, 'full', NULL, NULL, '2025-07-06 06:44:34'),
	(187, '408_3', 40, 'full', NULL, NULL, '2025-05-08 06:39:50'),
	(188, '408_4', 40, 'full', NULL, NULL, '2025-05-08 06:40:18'),
	(189, '409_1', 41, 'full', NULL, NULL, '2025-05-08 06:40:50'),
	(190, '409_2', 41, 'full', NULL, NULL, '2025-05-08 06:41:22'),
	(191, '409_3', 41, 'full', NULL, NULL, '2025-05-08 06:42:03'),
	(192, '409_4', 41, 'full', NULL, NULL, '2025-05-08 06:42:30'),
	(193, '410_1', 42, 'full', NULL, NULL, '2025-05-08 06:43:09'),
	(194, '410_2', 42, 'full', NULL, NULL, '2025-05-08 06:43:57'),
	(195, '411_1', 43, 'reserve', NULL, NULL, '2025-07-01 15:16:28'),
	(196, '411_2', 43, 'full', NULL, NULL, '2025-05-08 06:46:28'),
	(197, '411_3', 43, 'full', NULL, NULL, '2025-05-17 04:44:29'),
	(198, '411_4', 43, 'full', NULL, NULL, '2025-05-08 06:47:33'),
	(199, '411_5', 43, 'full', NULL, NULL, '2025-07-02 07:14:13'),
	(200, '411_6', 43, 'full', NULL, NULL, '2025-05-08 06:48:36');

-- Dumping structure for table atlas1.users
CREATE TABLE IF NOT EXISTS `users` (
  `id` bigint unsigned NOT NULL AUTO_INCREMENT,
  `name` varchar(191) CHARACTER SET utf8mb4 COLLATE utf8mb4_unicode_ci NOT NULL,
  `email` varchar(191) CHARACTER SET utf8mb4 COLLATE utf8mb4_unicode_ci NOT NULL,
  `email_verified_at` timestamp NULL DEFAULT NULL,
  `password` varchar(191) CHARACTER SET utf8mb4 COLLATE utf8mb4_unicode_ci NOT NULL,
  `remember_token` varchar(100) CHARACTER SET utf8mb4 COLLATE utf8mb4_unicode_ci DEFAULT NULL,
  `created_at` timestamp NULL DEFAULT NULL,
  `updated_at` timestamp NULL DEFAULT NULL,
  PRIMARY KEY (`id`),
  UNIQUE KEY `users_email_unique` (`email`)
) ENGINE=InnoDB DEFAULT CHARSET=utf8mb4 COLLATE=utf8mb4_unicode_ci;

-- Dumping data for table atlas1.users: ~0 rows (approximately)

-- Dumping structure for table atlas1.vaheds
CREATE TABLE IF NOT EXISTS `vaheds` (
  `id` bigint unsigned NOT NULL AUTO_INCREMENT,
  `name` varchar(191) CHARACTER SET utf8mb4 COLLATE utf8mb4_unicode_ci NOT NULL,
  `hoveat` varchar(191) CHARACTER SET utf8mb4 COLLATE utf8mb4_unicode_ci NOT NULL,
  `created_at` timestamp NULL DEFAULT NULL,
  `updated_at` timestamp NULL DEFAULT NULL,
  PRIMARY KEY (`id`)
) ENGINE=InnoDB AUTO_INCREMENT=5 DEFAULT CHARSET=utf8mb4 COLLATE=utf8mb4_unicode_ci;

-- Dumping data for table atlas1.vaheds: ~0 rows (approximately)
REPLACE INTO `vaheds` (`id`, `name`, `hoveat`, `created_at`, `updated_at`) VALUES
	(1, 'vahed1', 'طبقه اول', NULL, NULL),
	(2, 'vahed2', 'طبقه دوم', NULL, NULL),
	(3, 'vahed3', 'طبقه سوم', NULL, NULL),
	(4, 'vahed4', 'طبقه جهارم', NULL, NULL);

/*!40103 SET TIME_ZONE=IFNULL(@OLD_TIME_ZONE, 'system') */;
/*!40101 SET SQL_MODE=IFNULL(@OLD_SQL_MODE, '') */;
/*!40014 SET FOREIGN_KEY_CHECKS=IFNULL(@OLD_FOREIGN_KEY_CHECKS, 1) */;
/*!40101 SET CHARACTER_SET_CLIENT=@OLD_CHARACTER_SET_CLIENT */;
/*!40111 SET SQL_NOTES=IFNULL(@OLD_SQL_NOTES, 1) */;
